4127936	ASSIGNED	4		swingx	jones	0	data	O Baker	FEATURE	Fri Apr 10 14:12:00 PDT 1998	27	JTable Horizontal Scrollbar doesn't work
4833667	ASSIGNED	4		demos	cooper	0	code	U Evans	PATCH	Mon Mar 17 15:32:00 PST 2003	0	Deiconizing a JInternalFrame with double-click moves focus
4419748	CLOSED	4	FIXED	website	lewis	0	tests	A Oliver	BUG	Tue Feb 27 17:47:00 PST 2001	5	JEditorPane CSS not supporting borders properly
4851246	CLOSED	4	FIXED	website	usher	0	docs	M Norris	PATCH	Sun Apr 20 23:25:00 PDT 2003	0	RFE: Potential speed improvement in JProgressBar
4765280	ASSIGNED	4		jdnc	myers	0	data	F Tyson	BUG	Fri Oct 18 11:55:00 PDT 2002	0	RFE: Cannot drag out of a JFileChooser without first selecting a file
4501166	ASSIGNED	4		jdnc	tyson	0	i18n	N Queen	BUG	Sun Sep 09 21:48:00 PDT 2001	1	Win32: JFileChooser doesn't display drives/volumes correctly in RtoL
4845362	ASSIGNED	4		demos	peters	439682945	i18n	M Victor	BUG	Tue Apr 08 18:44:00 PDT 2003	0	HTML renderer fails on empty cellpadding value and chars before title tag
4846388	ASSIGNED	3		website	smith	0	tests	A Myers	PATCH	Thu Apr 10 11:09:00 PDT 2003	1	XP JFileChooser shows gray smudge for "create folder" icon
4230443	ASSIGNED	4		website	kelly	0	i18n	I Baker	BUG	Fri Apr 16 13:17:00 PDT 1999	1	ComponentOrientation has no effect on editable JComboBox
4660820	ASSIGNED	4		swingx	green	0	docs	N Usher	FEATURE	Mon Apr 01 00:24:00 PST 2002	0	JList does not show visual focus with initial Tab
4263904	ASSIGNED	4		website	norris	0	tests	Q Baker	BUG	Thu Aug 19 10:41:00 PDT 1999	181	JTextPane:  Paragraphs with Justified Attributes Appear Centered
4865510	CLOSED	4	FIXED	demos	green	0	tests	D Queen	PATCH	Fri May 16 00:29:00 PDT 2003	0	Win L&F: JFileChooser:  keyboard navigation is different
4826791	ASSIGNED	4		binding	smith	0	tests	J Wilson	FEATURE	Mon Mar 03 21:22:00 PST 2003	0	Large font sizes not used in filedialog
4673852	ASSIGNED	4		demos	peters	152577983	docs	Z Evans	BUG	Wed Apr 24 11:31:00 PDT 2002	1	Entering HTML hard-break in JEditorPane does not update cursor correctly
4850101	ASSIGNED	4		demos	usher	194855805	i18n	R Evans	BUG	Thu Apr 17 10:49:00 PDT 2003	0	Setting mnemonic to VK_F4 underlines the letter S in a button.
4776306	ASSIGNED	3		jdnc	wilson	0	tests	E Allen	BUG	Fri Nov 08 00:52:00 PST 2002	0	property change-notification should lazily construct copies of properties
4406437	ASSIGNED	4		website	wilson	1014717920	docs	W Tyson	BUG	Fri Jan 19 15:17:00 PST 2001	0	JEditorPane.getEditorKit() should call kit.install()
4838135	ASSIGNED	4		website	myers	0	i18n	C Victor	PATCH	Wed Mar 26 14:06:00 PST 2003	0	Request javax.swing.Action.MNEMONIC_INDEX_KEY
4837565	ASSIGNED	4		website	wilson	134008384	tests	U Queen	BUG	Tue Mar 25 17:15:00 PST 2003	0	Selection error by an empty JTable
4853944	CLOSED	3	DUPLICATE	swingx	smith	0	tests	B Tyson	BUG	Thu Apr 24 21:25:00 PDT 2003	1	Images disappear in JEditorPane w/HTML
4766050	ASSIGNED	4		binding	davis	0	data	F Davis	FEATURE	Mon Oct 21 00:14:00 PDT 2002	0	Look&Feel :  Cannot select the other mode after selecting Windows.
4231307	RESOLVED	4	FIXED	website	baker	0	data	J Fisher	PATCH	Tue Apr 20 14:00:00 PDT 1999	3	JTabbedPane switching panel focus
4559032	ASSIGNED	4		website	hatch	0	i18n	E Oliver	BUG	Fri Dec 07 15:38:00 PST 2001	0	JFileChooser does not refresh directory listing when typing F5
4765276	RESOLVED	4	FIXED	website	myers	0	tests	Q Queen	BUG	Fri Oct 18 11:53:00 PDT 2002	0	Keystroke lost after displaying dialog from InputVerifier
4672878	ASSIGNED	4		demos	kelly	0	data	Y Victor	BUG	Tue Apr 23 04:00:00 PDT 2002	0	Difference's found in t-bullets.PNG in AutoWeevil.
4833517	RESOLVED	2	FIXED	swingx	ziegler	0	data	Z Hatch	BUG	Mon Mar 17 11:37:00 PST 2003	0	GTK L&F: Support for general Metacity skins in XML
4758890	ASSIGNED	3		website	cooper	0	i18n	I Hatch	BUG	Mon Oct 07 10:32:00 PDT 2002	1	REGRESSION: Focus not painted in JToolBar with Windows PLAF
4781707	ASSIGNED	4		demos	tyson	478964747	data	X Myers	BUG	Wed Nov 20 05:33:00 PST 2002	0	JFileChooser must contain goto last folder option
4748359	ASSIGNED	4		demos	myers	0	code	B Hatch	BUG	Mon Sep 16 19:58:00 PDT 2002	3	Click in JTableHeader cancels Cell Editor changes
4825182	ASSIGNED	4		swingx	baker	563931866	docs	B Evans	BUG	Thu Feb 27 14:17:00 PST 2003	0	DefaultBoundedRangeModel.setMinimum() changes extent unnecessarily
4126679	ASSIGNED	4		demos	norris	0	i18n	F Victor	BUG	Tue Apr 07 16:31:00 PDT 1998	2	JRadioButtons with Icons don't size themselves correctly.
4417096	ASSIGNED	4		demos	cooper	0	i18n	R Xavier	BUG	Tue Feb 20 14:24:00 PST 2001	1	JSlider: add label components to containment hierarchy
4822403	ASSIGNED	5		website	yancy	0	i18n	Q Xavier	BUG	Fri Feb 21 17:34:00 PST 2003	0	RFE: Look and Feel classes are poorly designed and hostile to subclassing
4295357	ASSIGNED	4		website	yancy	0	docs	Z Ryan	BUG	Tue Nov 30 05:50:00 PST 1999	0	RTL only implicit, left aligned JTExtPane does not change text alignment
4855256	ASSIGNED	4		demos	kelly	0	tests	J Ryan	PATCH	Mon Apr 28 17:55:00 PDT 2003	0	RFE: JTree does not handle renaming its UserObject as well as other things
4365538	ASSIGNED	4		jdnc	ingram	0	tests	A Allen	PATCH	Thu Aug 24 13:15:00 PDT 2000	1	Use of deprecated Date constructor in JTable
4870636	RESOLVED	5	FIXED	demos	hatch	0	data	F Victor	BUG	Wed May 28 11:08:00 PDT 2003	0	RFE: Option to have close(x) button on JTabbedPane
4781716	ASSIGNED	3		demos	victor	0	tests	Q Kelly	BUG	Wed Nov 20 05:56:00 PST 2002	0	JFileChooser must respond as usual to floppy drive selection
4781696	ASSIGNED	4		website	yancy	0	code	C Norris	BUG	Wed Nov 20 05:10:00 PST 2002	0	XP L&F: Scroll bars do not change color on mouse over
4144344	ASSIGNED	4		binding	queen	0	code	J Hatch	BUG	Mon Jun 01 08:46:00 PDT 1998	0	DefaultTreeCellEditor TextField should grow, in width, as necessary
4130798	ASSIGNED	4		swingx	jones	0	tests	P Davis	BUG	Mon Apr 20 15:24:00 PDT 1998	0	MotifRadioButtonUI: paintFocus() method needs more careful logic
4515236	ASSIGNED	4		binding	davis	0	tests	D Peters	BUG	Tue Oct 16 00:16:00 PDT 2001	4	DefaultTableColumnModel causes OOB exception when header row event triggered
4765253	ASSIGNED	4		swingx	usher	0	data	Q Evans	FEATURE	Fri Oct 18 11:34:00 PDT 2002	0	Method javax.swwing.JLabel.getPreferredSize() return wrong value!
4532590	ASSIGNED	4		jdnc	ziegler	0	tests	V Ingram	BUG	Wed Nov 28 17:25:00 PST 2001	12	JTextPane jTextPane.setHighlighter(null) doesn't disable highlighter.
4840405	ASSIGNED	5		demos	green	496140749	tests	Y Davis	BUG	Mon Mar 31 17:44:00 PST 2003	0	JInternalFrame does not animate maximize/minimize in Windows L&F
4724077	ASSIGNED	4		jdnc	kelly	0	i18n	M Allen	BUG	Wed Jul 31 16:54:00 PDT 2002	2	Problems with text where visual content doesn't start at model position 0
4327306	ASSIGNED	4		swingx	ingram	0	docs	F Kelly	PATCH	Mon Apr 03 13:42:00 PDT 2000	1	JFileChooser.setToolTipText() only partially effective
4699955	ASSIGNED	4		demos	queen	0	i18n	N Usher	BUG	Mon Jun 10 15:33:00 PDT 2002	2	JSpinner focusGained(...) listener does not allow selectAll functionality
4844444	ASSIGNED	4		binding	ryan	0	docs	Q Baker	BUG	Mon Apr 07 15:08:00 PDT 2003	1	Bluecurve theme is named Wonderland in some distributions
4230387	RESOLVED	4	FIXED	jdnc	kelly	722279851	i18n	H Green	BUG	Fri Apr 16 11:25:00 PDT 1999	1	RFE: JProgressBar does not create international percent done strings
4788785	ASSIGNED	4		demos	fisher	202035713	docs	Z Kelly	PATCH	Wed Dec 04 18:00:00 PST 2002	0	OverlayLayout refuses to put a JPanel over a JSplitpane
4871085	ASSIGNED	4		swingx	jones	0	docs	J Wilson	FEATURE	Thu May 29 01:44:00 PDT 2003	0	Tooltip for JInternalFrame behaves incorrectly
4713475	ASSIGNED	4		jdnc	smith	0	code	B Ziegler	BUG	Thu Jul 11 11:11:00 PDT 2002	0	KeyListener pieces of BasicListUI should be made public or protected
4286743	ASSIGNED	4		jdnc	oliver	907059548	data	K Kelly	PATCH	Mon Nov 01 00:56:00 PST 1999	2	Allow JScrollPane to setEnable(false)
4712086	ASSIGNED	4		website	fisher	448495010	docs	J Victor	BUG	Tue Jul 09 09:06:00 PDT 2002	0	JFileChooser: Home button inconsistencies in Metal Look and Feel
4304521	CLOSED	4	FIXED	swingx	ingram	0	tests	I Ryan	BUG	Thu Jan 13 09:56:00 PST 2000	11	Document with TabStop Attributes not written correctly into RTF File
4164958	ASSIGNED	4		website	queen	0	code	N Xavier	BUG	Mon Aug 10 06:41:00 PDT 1998	1	StyledEditorKit, RTFEditorKit and HTMLEditor missing fields
4869033	ASSIGNED	4		website	tyson	0	i18n	A Lewis	FEATURE	Fri May 23 00:14:00 PDT 2003	0	GTK L&F: Radio buttons don't look like native
4419012	ASSIGNED	4		demos	baker	965390598	docs	W Xavier	BUG	Mon Feb 26 00:22:00 PST 2001	0	JToolBar buttons should have requestFocusEnabled = false
4683301	ASSIGNED	4		website	jones	0	docs	Q Ingram	BUG	Fri May 10 15:09:00 PDT 2002	0	BasicPopupMenuUI should use AWTEventListener vs MouseListeners on all components
4724001	CLOSED	4	FIXED	demos	green	0	tests	U Jones	BUG	Wed Jul 31 15:19:00 PDT 2002	0	The private class Page in JTabbedPane prevents extendability
4297788	RESOLVED	4	FIXED	jdnc	queen	0	tests	D Cooper	BUG	Wed Dec 08 10:35:00 PST 1999	3	Cursor loops in JTextArea when editing English text in RTL mode and vice versa
4339222	CLOSED	4	DUPLICATE	website	hatch	327888697	docs	N Ryan	BUG	Thu May 18 00:50:00 PDT 2000	0	System.out.println throws NullPointerException when toString() returns null
4254546	ASSIGNED	4		swingx	baker	197191194	tests	A Evans	BUG	Thu Jul 15 17:19:00 PDT 1999	0	Bizarre behavior when firing JTable update with bad values.
4692565	RESOLVED	4	FIXED	swingx	fisher	0	tests	A Norris	BUG	Tue May 28 15:23:00 PDT 2002	0	TabbedPaneScrollLayout is private
4844479	ASSIGNED	5		swingx	lewis	0	tests	C Oliver	FEATURE	Mon Apr 07 15:52:00 PDT 2003	0	RFE: LinkLabel, similar to Label except it can display a hyperlink
4759422	ASSIGNED	4		binding	norris	0	tests	S Wilson	FEATURE	Mon Oct 07 20:35:00 PDT 2002	0	RFE: The anchor should not be the same as the focus in a JTable
4799354	ASSIGNED	4		demos	baker	421313562	docs	S Jones	BUG	Mon Jan 06 16:15:00 PST 2003	0	In JLabel, etc., setText does not update properly with HTML object tag
4760448	RESOLVED	4	FIXED	swingx	kelly	443288577	data	P Ryan	BUG	Wed Oct 09 10:11:00 PDT 2002	2	MetalFileChooserUI should allow user to bypass ShellFolder methods
4871450	RESOLVED	3	DUPLICATE	website	peters	534054530	tests	N Kelly	FEATURE	Thu May 29 15:40:00 PDT 2003	0	Toggling of mnemonics visibility state inconsistent on WinXP platforms
4870112	ASSIGNED	4		demos	oliver	534817484	code	E Queen	BUG	Tue May 27 14:44:00 PDT 2003	0	JMenu is not extensible
4425358	RESOLVED	4	DUPLICATE	demos	yancy	0	tests	D Queen	BUG	Tue Mar 13 19:17:00 PST 2001	3	Reopen 4214992: JTextField Always Right-Justifies Oversized Strings
4139692	ASSIGNED	4		swingx	queen	411063576	code	T Myers	PATCH	Mon May 18 16:44:00 PDT 1998	245	JOptionPane.showInternalMessageDialog() does not create a modal dialog
4723745	CLOSED	3	FIXED	demos	victor	0	docs	T Victor	BUG	Wed Jul 31 11:56:00 PDT 2002	2	1.4 REGRESSION: Metal & Windows FileChooserUI classes cannot be used without She
4769783	ASSIGNED	4		jdnc	xavier	0	data	Z Baker	FEATURE	Mon Oct 28 11:11:00 PST 2002	0	Adding a mouselistener to JScrollPanes viewport causes the pane to lose tooltip
4807159	ASSIGNED	4		jdnc	cooper	0	tests	A Victor	PATCH	Thu Jan 23 00:02:00 PST 2003	0	RFE: Bad implementation of constructor FontUIResource(Font font)
4869098	CLOSED	5	FIXED	demos	jones	101245118	code	B Xavier	FEATURE	Fri May 23 13:57:00 PDT 2003	0	GTK L&F:  ColorChooser: Field/Spin Boxes Larger than platform version
4859197	RESOLVED	4	DUPLICATE	website	yancy	281409542	code	L Cooper	PATCH	Tue May 06 14:16:00 PDT 2003	1	JFileChooser (WLF) line spacing too large in detailed view
4759090	ASSIGNED	4		binding	fisher	0	code	H Xavier	BUG	Mon Oct 07 14:29:00 PDT 2002	0	RFE: Ability for Non-Standard JSlider tick placement
4325865	ASSIGNED	4		binding	green	617284750	code	A Kelly	BUG	Tue Mar 28 23:54:00 PST 2000	0	Motif LAF, Cursor does not change direction when leaving RTL into LTR and vice v
4179560	ASSIGNED	4		binding	xavier	0	docs	A Evans	PATCH	Wed Oct 07 13:16:00 PDT 1998	2	AbstractButton.setVerticalTextPosition mispositions text.
4722419	RESOLVED	4	FIXED	jdnc	xavier	0	code	R Myers	BUG	Mon Jul 29 15:22:00 PDT 2002	0	MaskFormatter should provide a minimum match length
4801292	RESOLVED	4	REJECTED	jdnc	davis	0	tests	S Oliver	BUG	Thu Jan 09 18:36:00 PST 2003	0	Repainting errors in AbstractColorChooserPanel.updateChooser()
4203912	ASSIGNED	4		website	tyson	0	code	P Evans	PATCH	Mon Jan 18 17:22:00 PST 1999	88	JTextArea uses too much memory (if large byte array passed to cto=
4386259	ASSIGNED	4		binding	norris	0	data	P Jones	BUG	Mon Nov 06 05:05:00 PST 2000	2	JList, Spacebar functionality to select and deselect JList items is broken
4510854	ASSIGNED	4		website	kelly	0	docs	H Wilson	BUG	Thu Oct 04 10:33:00 PDT 2001	0	JColorChooser demo(SwingSet2) not getting painted well on WindowsXP platform.
4548788	CLOSED	5	DUPLICATE	jdnc	oliver	0	i18n	K Oliver	BUG	Wed Dec 05 10:26:00 PST 2001	1	JTree should toggle for all even-numbered clicks
4624483	CLOSED	4	FIXED	swingx	usher	0	code	T Ryan	BUG	Wed Jan 16 08:52:00 PST 2002	10	JTable incorrectly consumes Esc key
4760407	RESOLVED	4	DUPLICATE	binding	oliver	56951946	tests	S Kelly	BUG	Wed Oct 09 09:38:00 PDT 2002	0	WrappedPlainView should have selectors for (un)selected color
4811073	ASSIGNED	4		binding	ingram	0	docs	A Ryan	BUG	Thu Jan 30 20:34:00 PST 2003	0	GTK L&F quality
4410888	ASSIGNED	4		website	peters	0	tests	B Oliver	BUG	Thu Feb 01 00:45:00 PST 2001	0	TitledBorder spacing gaps should be adjustable (Bug and RFE)
4623272	CLOSED	5	FIXED	demos	myers	68790018	i18n	N Usher	BUG	Mon Jan 14 11:38:00 PST 2002	0	RFE: JTabbedPane: provide popup menu when scrollable tabs aren't shown.
4788378	CLOSED	4	FIXED	binding	smith	138695407	code	N Allen	BUG	Wed Dec 04 10:09:00 PST 2002	0	JFormattedTextField should allow multiple formats to match
4428752	ASSIGNED	4		jdnc	ryan	0	tests	B Fisher	PATCH	Wed Mar 21 19:58:00 PST 2001	0	Apple Aqua: Need drawing bounds independent of layout bounds (outsets)
4269592	RESOLVED	4	FIXED	swingx	oliver	0	data	T Smith	BUG	Tue Sep 07 16:54:00 PDT 1999	0	SwingSet: Unexpected results when entering text with Right to Left Orientation
4288630	CLOSED	4	DUPLICATE	binding	green	321433801	code	I Baker	PATCH	Fri Nov 05 16:48:00 PST 1999	0	tooltip on tabbed panel prevents clicking on tab
4835498	CLOSED	5	FIXED	jdnc	oliver	257976430	i18n	Z Oliver	PATCH	Thu Mar 20 15:01:00 PST 2003	0	JFileChooser/WinL&F:"My Computer" sidebar button should become deselected
4855121	ASSIGNED	3		binding	ryan	0	tests	X Norris	FEATURE	Mon Apr 28 15:21:00 PDT 2003	0	XP L&F: Table Header does not have rollover effect
4835466	ASSIGNED	5		swingx	victor	0	code	Q Baker	BUG	Thu Mar 20 14:30:00 PST 2003	0	JFileChooser/Windows L&F: border drawn differently when renaming a file
4808567	RESOLVED	3	FIXED	swingx	green	0	docs	Q Allen	BUG	Mon Jan 27 10:45:00 PST 2003	2	RFE: Swing Windows L&F should honour desktop font smoothing settings.
4614616	ASSIGNED	4		jdnc	cooper	0	i18n	S Ziegler	BUG	Mon Dec 17 11:55:00 PST 2001	1	Overriding getColumnClass in DefaultTableModel causes Exc if it return interface
4615411	ASSIGNED	4		demos	usher	929382653	docs	N Fisher	BUG	Tue Dec 18 00:58:00 PST 2001	4	REGRESSION: JOptionPane.showConfirmDialog has wrong focus
4424160	CLOSED	4	FIXED	website	tyson	483645593	code	C Baker	PATCH	Fri Mar 09 18:36:00 PST 2001	0	Floating toolbar unduly re-docked on uninstallUI
4307597	RESOLVED	4	DUPLICATE	binding	victor	0	i18n	H Ingram	BUG	Thu Jan 27 02:56:00 PST 2000	9	Kestrel,FileChooser Warning Msg."No Disk In Drive" is not available in Win98/95
4865918	ASSIGNED	3		website	norris	0	data	W Cooper	BUG	Mon May 19 02:09:00 PDT 2003	0	REGRESSION: JCK1.4a-runtime api/javax_swing/interactive/JScrollBarTests.html#JSc
4741029	RESOLVED	4	FIXED	swingx	cooper	0	i18n	A Peters	BUG	Tue Sep 03 16:50:00 PDT 2002	0	JTable: <TAB> doesn't move the focus to all columns of selected region
4532517	ASSIGNED	4		jdnc	smith	0	docs	R Baker	BUG	Wed Nov 28 15:53:00 PST 2001	26	shouldYieldFocus does not allow side effects in 1.4
4798817	CLOSED	4	FIXED	website	ziegler	0	i18n	W Allen	BUG	Fri Jan 03 14:48:00 PST 2003	0	"My Documents" button is always selected when opening a JFileChooser in Win2K
4825416	ASSIGNED	4		binding	xavier	0	tests	B Smith	FEATURE	Thu Feb 27 21:53:00 PST 2003	0	XP L&F: JToolBar grip is not centered
4804485	CLOSED	4	FIXED	binding	ziegler	18671055	i18n	T Usher	BUG	Thu Jan 16 15:41:00 PST 2003	1	TableColumnModel getColumnIndexAtX wrong value in RIGHT_TO_LEFT orientation
4760053	CLOSED	4	FIXED	swingx	kelly	0	data	U Davis	BUG	Tue Oct 08 17:09:00 PDT 2002	1	(MANDRAKE 8.1) Clipboard data provided in wrong format
4664642	RESOLVED	4	FIXED	swingx	evans	0	i18n	Q Oliver	PATCH	Mon Apr 08 15:25:00 PDT 2002	0	JToolBar should have the ability to allow them to only DOCK on certain sides
4867054	ASSIGNED	4		demos	myers	0	data	C Smith	FEATURE	Tue May 20 16:45:00 PDT 2003	0	Not following Windows XP style in Swing components
4358053	ASSIGNED	5		swingx	smith	0	data	O Kelly	FEATURE	Mon Jul 31 16:46:00 PDT 2000	2	new ImageIcon(null,"someDescription") causes the image fetching thread to fail
4729632	RESOLVED	4	DUPLICATE	website	kelly	0	tests	P Green	BUG	Fri Aug 09 17:26:00 PDT 2002	0	RFE: Make javax.swing.text.html.FrameView public
4735839	ASSIGNED	4		demos	hatch	662048638	docs	M Lewis	BUG	Thu Aug 22 19:44:00 PDT 2002	2	RTFEditorKit wrongly parses RTF while reading /writing  to stream/document
4839739	RESOLVED	3	DUPLICATE	binding	xavier	533285565	i18n	I Lewis	BUG	Fri Mar 28 18:45:00 PST 2003	0	JEditorPane has 508 problems if there are comments in the HTML
4337584	ASSIGNED	4		demos	evans	713686465	docs	R Yancy	BUG	Thu May 11 15:45:00 PDT 2000	4	general problems with JFileChooser and rfe's
4742686	ASSIGNED	4		swingx	davis	639262485	data	Z Myers	PATCH	Thu Sep 05 17:32:00 PDT 2002	4	1.4 REGRESSION: WindowsLookAndFeel not using control property
4428370	ASSIGNED	4		demos	myers	704603279	data	G Tyson	FEATURE	Wed Mar 21 00:15:00 PST 2001	0	Problem using JMenu/JMenuItem's with Icon only
4799305	ASSIGNED	5		jdnc	smith	615773872	code	B Wilson	BUG	Mon Jan 06 15:03:00 PST 2003	1	RFE: Decouple selection from cursor behaviour in javax.swing.text
4815339	ASSIGNED	4		binding	peters	0	code	I Queen	FEATURE	Fri Feb 07 17:40:00 PST 2003	0	JComboBox drop-down list orientation is changed after the L&F is changed
4515838	RESOLVED	4	REJECTED	jdnc	oliver	0	i18n	J Ryan	BUG	Wed Oct 17 00:44:00 PDT 2001	0	Can't change the border of a JComboBox
4751229	RESOLVED	4	DUPLICATE	website	lewis	0	i18n	X Queen	PATCH	Fri Sep 20 18:03:00 PDT 2002	3	Iterator returned by HTMLDocument.getIterator() is incorrectly empty
4133790	ASSIGNED	4		binding	jones	0	tests	U Usher	FEATURE	Wed Apr 29 18:27:00 PDT 1998	0	Motif L+F JCheckBoxMenuItems don't align the text properly
4765387	RESOLVED	5	FIXED	jdnc	usher	0	i18n	P Myers	PATCH	Fri Oct 18 13:16:00 PDT 2002	1	Unexpected behaviour of HTMLEditorKit Class
4173836	ASSIGNED	4		swingx	usher	0	i18n	P Norris	BUG	Tue Sep 15 11:57:00 PDT 1998	7	RFE: setListData in JComboBox
4628023	CLOSED	4	REJECTED	swingx	peters	0	docs	W Oliver	BUG	Thu Jan 24 00:26:00 PST 2002	1	Make treeNodesChanged indicate children may have been reordered
4545951	ASSIGNED	4		swingx	evans	386718878	tests	X Cooper	FEATURE	Mon Dec 03 14:22:00 PST 2001	4	JOptionPane.showMessageDialog does not size dialog properly
4733552	ASSIGNED	4		demos	queen	364374187	docs	G Hatch	BUG	Mon Aug 19 15:01:00 PDT 2002	0	JScrollBar fires event for both mouse down and mouse up
4393423	ASSIGNED	3		swingx	tyson	0	tests	M Tyson	PATCH	Wed Nov 29 00:01:00 PST 2000	11	JTable.getSelectedRow incorrect with empty table, after ENTER is pressed.
4344938	RESOLVED	4	FIXED	swingx	peters	0	data	W Tyson	FEATURE	Mon Jun 12 14:44:00 PDT 2000	0	Badly named classes
4496323	ASSIGNED	4		swingx	smith	0	data	K Davis	BUG	Fri Aug 24 15:00:00 PDT 2001	0	Metal L&F does not handle changing of JMenuBar objects
4684090	RESOLVED	4	FIXED	swingx	davis	0	code	V Myers	FEATURE	Mon May 13 13:36:00 PDT 2002	10	Tab on editable JComboBox inside JTable transfers focus outside JTable
4310381	ASSIGNED	4		binding	baker	0	code	K Ingram	FEATURE	Sun Feb 06 18:51:00 PST 2000	1	Text in multi-row/col JTabbedPane tabs can be truncated/clipped
4865506	ASSIGNED	4		binding	davis	242020201	i18n	U Peters	BUG	Fri May 16 00:27:00 PDT 2003	0	Win L&F: JFileChooser:  Java version does not have go back (history) button
4465516	ASSIGNED	4		jdnc	cooper	0	docs	O Hatch	BUG	Sun Jun 03 16:16:00 PDT 2001	4	Need to suppress clipped text behavior
4424571	CLOSED	4	DUPLICATE	website	hatch	650613340	code	X Hatch	BUG	Mon Mar 12 13:27:00 PST 2001	0	JTable highlights incorrect row when using input verfier
4696827	ASSIGNED	5		demos	fisher	0	i18n	U Xavier	BUG	Tue Jun 04 08:53:00 PDT 2002	0	Investigate adding ComponentUI.getXXXSize(JComponent, Dimension)
4870644	ASSIGNED	3		binding	tyson	0	tests	I Cooper	FEATURE	Wed May 28 11:15:00 PDT 2003	0	Default button responds to CTRL-ENTER while popup menu is active.
4505116	CLOSED	5	FIXED	jdnc	usher	0	tests	I Ryan	BUG	Thu Sep 20 10:57:00 PDT 2001	0	SpringLayout default behavior
4865853	ASSIGNED	3		demos	yancy	0	data	V Jones	BUG	Sun May 18 13:38:00 PDT 2003	0	JInternalFrame title bar does not scale to or ignore titleFont size with XP L&F
4851758	ASSIGNED	4		binding	hatch	67981597	tests	J Queen	FEATURE	Mon Apr 21 20:16:00 PDT 2003	0	Uneditable text components should inherit their parent's cursor.
4765334	CLOSED	4	FIXED	website	yancy	0	i18n	R Davis	BUG	Fri Oct 18 00:33:00 PDT 2002	0	Desktop Icon for JInternalFrame goes behind an existing icon
4870674	ASSIGNED	4		jdnc	victor	0	i18n	J Evans	BUG	Wed May 28 11:50:00 PDT 2003	0	JSplitPane's one-touch buttons should deal with resized split panes better
4423439	RESOLVED	4	DUPLICATE	website	myers	313572175	i18n	I Evans	BUG	Thu Mar 08 14:03:00 PST 2001	8	JFileChooser - can't change the language other than the OS language
4765327	ASSIGNED	5		website	norris	581764615	data	D Usher	PATCH	Fri Oct 18 00:28:00 PDT 2002	1	RFE: There should be a isSingleSelectionEvent(MouseEvent) in BasicTreeUI
4735546	CLOSED	3	DUPLICATE	jdnc	allen	0	docs	W Evans	FEATURE	Thu Aug 22 13:00:00 PDT 2002	0	NPE in BasicTableUI during Swing drag and drop
4861977	CLOSED	4	FIXED	jdnc	usher	0	data	X Green	BUG	Fri May 09 17:10:00 PDT 2003	2	JOptionPane.showInternalConfirmDialog does not respect the JDesktopPane viewport
4809958	CLOSED	4	FIXED	binding	jones	0	tests	L Victor	BUG	Wed Jan 29 10:08:00 PST 2003	0	REGRESSION:overlappedByOwnedWindow() fails to check if windows are visible
4649181	ASSIGNED	3		demos	evans	249332176	data	B Kelly	BUG	Thu Mar 07 16:13:00 PST 2002	4	JFrames and JDialogs do not raise or resize properly in Linux
4458089	ASSIGNED	4		website	cooper	763630334	tests	C Ryan	BUG	Sun May 13 18:29:00 PDT 2001	5	JOptionPane.setFont() does not affect font used by its message and buttons
4836420	ASSIGNED	5		website	ryan	0	i18n	L Allen	FEATURE	Sun Mar 23 19:03:00 PST 2003	0	demo/jfc/Stylepad text properties should be 2-state controls
4844503	ASSIGNED	5		jdnc	oliver	0	i18n	Q Cooper	BUG	Mon Apr 07 16:23:00 PDT 2003	0	Swingset2: LAF reported incorrectly if changed using popup menu
4390321	CLOSED	4	REJECTED	demos	tyson	0	i18n	K Fisher	BUG	Fri Nov 17 08:52:00 PST 2000	0	JFileChooser.setSelectedFile(File) method throws NPE
4487493	CLOSED	4	FIXED	binding	xavier	0	data	S Tyson	FEATURE	Thu Aug 02 00:05:00 PDT 2001	0	Merlinb73:FileChsrDemo:Folder icon Label inconsistent with Win2K native filedial
4848156	RESOLVED	4	DUPLICATE	website	evans	0	code	Q Evans	BUG	Mon Apr 14 15:35:00 PDT 2003	0	VerticalPageAction does not use Scrollable.getScrollableBlockIncrement()
4724980	ASSIGNED	3		binding	allen	0	tests	E Hatch	BUG	Thu Aug 01 17:08:00 PDT 2002	14	JTable: Add API to control what happens to edits when table loses focus.
4469061	CLOSED	4	FIXED	binding	green	0	docs	P Lewis	BUG	Tue Jun 12 16:59:00 PDT 2001	0	TableColumnModel selection model and notification
4521993	RESOLVED	4	FIXED	swingx	lewis	0	docs	P Peters	FEATURE	Thu Nov 01 13:50:00 PST 2001	2	JEditorPane will not allow pasting directly into a HTML Table cell
4860722	ASSIGNED	4		swingx	ryan	700537312	i18n	B Tyson	BUG	Thu May 08 15:15:00 PDT 2003	0	Win L&F: Does not have resize graphic on bottom RH corner
4836162	RESOLVED	4	DUPLICATE	website	victor	0	tests	L Myers	BUG	Fri Mar 21 15:32:00 PST 2003	0	Selection and Caret are drawn incorrectly when JTextField is Scaled
4626900	ASSIGNED	4		jdnc	evans	0	docs	R Allen	BUG	Tue Jan 22 17:12:00 PST 2002	1	StrikeThrough attribute not generated in document
4799266	ASSIGNED	3		binding	fisher	207386709	docs	A Usher	FEATURE	Mon Jan 06 14:15:00 PST 2003	5	REGRESSION: JComboBox doesn't work in JPopupMenu
4767071	ASSIGNED	4		swingx	davis	0	i18n	N Peters	BUG	Tue Oct 22 19:02:00 PDT 2002	0	No Autocomplete for JFileChooser file selection using keyboard
4760436	RESOLVED	4	DUPLICATE	website	queen	129747980	docs	X Victor	FEATURE	Wed Oct 09 10:05:00 PDT 2002	0	ButtonGroup.getSelection() does not return a user-known ButtonModel.
4409239	ASSIGNED	4		website	kelly	0	tests	N Xavier	FEATURE	Mon Jan 29 11:34:00 PST 2001	8	Printing in JTable clips cell contents
4856343	RESOLVED	3	FIXED	website	baker	0	data	M Usher	BUG	Wed Apr 30 10:31:00 PDT 2003	0	Problem with applet interaction with system selection clipboard
4130825	CLOSED	5	DUPLICATE	binding	tyson	537982180	data	M Kelly	BUG	Mon Apr 20 15:51:00 PDT 1998	12	Cascade and Tile functionality missing from JDesktopPane
4634626	CLOSED	4	FIXED	jdnc	ingram	238367375	tests	L Tyson	FEATURE	Thu Feb 07 05:16:00 PST 2002	8	Implement context popup menus for components
4105948	ASSIGNED	4		demos	baker	581070952	tests	T Smith	BUG	Thu Jan 22 10:46:00 PST 1998	9	JOptionPane REALLY Needs Conditional Dismissal
4847362	ASSIGNED	4		website	peters	74692273	docs	F Smith	BUG	Fri Apr 11 14:51:00 PDT 2003	0	Windows XP style L&F can paint two buttons as "rollover"
4347815	RESOLVED	4	FIXED	demos	victor	0	data	A Myers	PATCH	Fri Jun 23 00:31:00 PDT 2000	21	JTable.setCellSelectionEnabled(boolean) implementation bug
4765240	CLOSED	3	FIXED	binding	cooper	0	tests	H Lewis	PATCH	Fri Oct 18 11:23:00 PDT 2002	2	Cannot paste from MS-Word into HTMLEditorKit
4337898	ASSIGNED	4		demos	lewis	267005092	tests	S Smith	BUG	Fri May 12 14:51:00 PDT 2000	0	Serializing DefaultTableCellRenderer changes colors.
4759922	RESOLVED	3	FIXED	binding	myers	1211344736	i18n	P Allen	PATCH	Tue Oct 08 14:48:00 PDT 2002	0	JFileChooser.rescanCurrentDirectory() crashes with an AIOBE
4834298	ASSIGNED	4		demos	lewis	0	code	K Kelly	BUG	Tue Mar 18 15:15:00 PST 2003	0	JFileChooser.getSelectedFiles() failed with multi-selection and double-click
4760088	RESOLVED	4	REJECTED	swingx	green	0	code	O Cooper	FEATURE	Tue Oct 08 17:43:00 PDT 2002	0	JSpinner(or it's editor) does not fire KeyEvent
4322989	ASSIGNED	4		demos	queen	0	docs	A Davis	FEATURE	Fri Mar 17 15:53:00 PST 2000	3	Need Directory Chooser dialog
4846692	ASSIGNED	5		binding	usher	0	tests	F Green	BUG	Thu Apr 10 15:49:00 PDT 2003	1	Problem displaying text of JOptionPane with Solaris 8 and OpenWindows Desktop
4424708	CLOSED	4	FIXED	website	myers	0	tests	Y Kelly	BUG	Mon Mar 12 16:00:00 PST 2001	9	JPasswordField cursor placed incorrectly after setText("")
4819695	ASSIGNED	3		demos	ingram	0	tests	Z Norris	BUG	Tue Feb 18 01:41:00 PST 2003	0	Regression javax/swing/JPopupMenu/PopupTest/PopupTester.java is failing
4192122	ASSIGNED	4		binding	peters	0	data	H Yancy	BUG	Mon Nov 23 05:55:00 PST 1998	1	Bottom of focus outline not drawn with Empty Border
4791070	ASSIGNED	4		swingx	ingram	0	tests	R Baker	BUG	Mon Dec 09 19:02:00 PST 2002	0	ComponentOrientation:JOptionPane's focus traversal does not respect RTL.
4490754	ASSIGNED	4		jdnc	evans	74223983	docs	M Baker	BUG	Fri Aug 10 00:44:00 PDT 2001	6	RFE: JTextField doesn't contain getActionCommand (only setActionCommand)
4820833	ASSIGNED	4		jdnc	wilson	542113735	tests	G Wilson	PATCH	Wed Feb 19 15:21:00 PST 2003	0	JTable: Selection anchor (and lead) not updated when inserting or deleting rows.
4760478	RESOLVED	5	FIXED	swingx	usher	215622746	i18n	E Myers	BUG	Wed Oct 09 10:29:00 PDT 2002	0	JColorChooser construction is slow
4478765	ASSIGNED	5		website	norris	617228380	docs	M Ziegler	BUG	Wed Jul 11 14:34:00 PDT 2001	1	EOU:   Make subclassing JViewport easier
4503727	ASSIGNED	4		website	ryan	0	docs	R Tyson	BUG	Mon Sep 17 15:05:00 PDT 2001	8	RFE Use of Scroll carets on JMenu when they span beyond the depth of the screen
4841767	ASSIGNED	5		jdnc	yancy	0	code	I Fisher	FEATURE	Wed Apr 02 15:06:00 PST 2003	1	Copy and Paste in JTextArea for unsigned Applet
4871404	RESOLVED	4	FIXED	website	davis	0	i18n	J Xavier	BUG	Thu May 29 14:50:00 PDT 2003	0	Swing JTable key bindings seem wrong (incomplete)
4132585	ASSIGNED	5		swingx	davis	1317547487	i18n	L Victor	PATCH	Fri Apr 24 17:51:00 PDT 1998	0	JButtons have ugly Frames when changing Background
4510123	CLOSED	3	REJECTED	binding	fisher	0	i18n	X Fisher	BUG	Tue Oct 02 20:50:00 PDT 2001	0	JTextArea.setWrapStyleWord() cannot handle the composed string properly
4232637	ASSIGNED	4		jdnc	peters	0	tests	F Davis	BUG	Fri Apr 23 17:43:00 PDT 1999	1	Can not use requestDefaultFocus with CardLayout JPanel to set a focus
4140209	ASSIGNED	4		swingx	davis	249965390	code	Z Smith	FEATURE	Tue May 19 17:31:00 PDT 1998	1	Regarding Swing Demo as an applet. Applet does not have the focus at start up.
4768338	ASSIGNED	4		jdnc	queen	0	data	T Myers	FEATURE	Thu Oct 24 00:51:00 PDT 2002	0	Height of JMenuBar not adjusted when wrapping occurs
4454866	CLOSED	4	REJECTED	binding	allen	402548411	i18n	C Wilson	BUG	Fri May 04 17:22:00 PDT 2001	0	internal frames leave garbage behind when dragged over edge in multimon (win32)
4686138	ASSIGNED	3		jdnc	oliver	459450670	data	P Yancy	BUG	Thu May 16 00:44:00 PDT 2002	0	1.4 REGRESSION: Letter like (y,g) truncated in TableCellEditor, char '_' not vsb
4322996	CLOSED	4	FIXED	demos	lewis	1109681295	tests	O Oliver	PATCH	Fri Mar 17 16:08:00 PST 2000	3	Add BasicComboBoxEditor constructor that accepts a JTextField
4133141	ASSIGNED	4		website	peters	220843980	docs	H Cooper	BUG	Tue Apr 28 11:32:00 PDT 1998	26	Extend Action interface to handle toggles
4807140	ASSIGNED	3		demos	queen	0	i18n	S Wilson	BUG	Thu Jan 23 11:37:00 PST 2003	0	Bug ID:4221012 is not fixed for MotifLookAndFeel
4765300	ASSIGNED	3		binding	xavier	224988921	docs	Y Myers	BUG	Fri Oct 18 00:10:00 PDT 2002	5	Use of JSpinners w/JTables & losing focus doesn't commit, but is supposed to
4765309	ASSIGNED	5		website	kelly	0	code	Z Kelly	FEATURE	Fri Oct 18 00:15:00 PDT 2002	0	JSlider.setForeground has no visible effect when L&F set to Windows
4401437	ASSIGNED	4		swingx	ziegler	0	tests	J Jones	BUG	Wed Jan 03 11:12:00 PST 2001	0	JFileChooser doesn't validate [characters in] filenames
4843244	CLOSED	4	FIXED	swingx	davis	0	docs	N Evans	BUG	Fri Apr 04 15:03:00 PST 2003	3	GTK L&F : Galaxy engine is not supported
4676022	ASSIGNED	4		demos	oliver	0	i18n	M Green	FEATURE	Fri Apr 26 19:25:00 PDT 2002	1	commitEdit() on JFormattedTextField changes Value type
4768318	CLOSED	4	FIXED	binding	tyson	0	i18n	V Myers	FEATURE	Thu Oct 24 00:32:00 PDT 2002	1	JFileChooser.setApproveButtonMnemonic() doesn't work
4853783	RESOLVED	4	FIXED	swingx	jones	0	docs	X Tyson	PATCH	Thu Apr 24 17:29:00 PDT 2003	0	SwingSet2 as an applet deadlocks on startup on Solaris
4305614	ASSIGNED	5		binding	victor	0	tests	E Queen	PATCH	Wed Jan 19 10:10:00 PST 2000	1	RepaintManager should maintain Window mapping too
4687405	CLOSED	4	DUPLICATE	website	hatch	0	code	O Peters	BUG	Fri May 17 15:21:00 PDT 2002	0	HTMLDocument defaultRoot inserts extra paragraph tag
4449310	RESOLVED	4	FIXED	swingx	evans	776599961	i18n	H Oliver	BUG	Mon Apr 23 11:01:00 PDT 2001	0	Accelerator not displayed in HTML tool tip (Metal L&F)
4421177	CLOSED	4	DUPLICATE	website	peters	0	i18n	D Ziegler	FEATURE	Fri Mar 02 00:45:00 PST 2001	0	SwingSet2: JTable headers do not update with L&F change
4634555	ASSIGNED	4		demos	queen	0	i18n	R Norris	BUG	Thu Feb 07 00:52:00 PST 2002	0	Can't reorder or resize JTable columns from the keyboard
4203754	ASSIGNED	4		binding	allen	0	data	N Cooper	BUG	Sun Jan 17 19:36:00 PST 1999	0	Labels in a JSlider don't diable or enable with the slider
4189224	RESOLVED	4	FIXED	demos	jones	0	docs	N Tyson	FEATURE	Wed Nov 11 15:13:00 PST 1998	7	BoxLayout constructor - why it needs Container as parameter?
4799919	ASSIGNED	5		binding	ingram	0	data	I Evans	FEATURE	Tue Jan 07 17:47:00 PST 2003	0	RFE: Make BasicTabbedPaneUI.requestFocusForVisibleComponent protected
4850475	ASSIGNED	3		demos	allen	0	code	V Hatch	PATCH	Thu Apr 17 19:02:00 PDT 2003	1	REGRESSION: PlainDocument with textfield (i.e., custom maskfield) doesn't work
4284162	RESOLVED	4	FIXED	binding	jones	497975187	docs	H Kelly	BUG	Fri Oct 22 17:28:00 PDT 1999	4	add support for the css text-indent attribute
4869215	RESOLVED	4	FIXED	demos	jones	145536124	i18n	R Davis	PATCH	Fri May 23 16:28:00 PDT 2003	0	GTK L&F:  Application Icons as well as stock icons need to respond to theme chan
4789491	ASSIGNED	3		binding	myers	893930073	code	L Victor	BUG	Thu Dec 05 16:57:00 PST 2002	0	JFileChooser, how to make it select directories?
4154409	RESOLVED	4	FIXED	jdnc	ingram	363134247	code	P Peters	BUG	Thu Jul 02 15:08:00 PDT 1998	0	Solaris: initial focus is not set to any focusable subcomponent.
4860128	CLOSED	3	FIXED	demos	green	392073659	tests	T Allen	BUG	Wed May 07 18:38:00 PDT 2003	0	REGRESSION: JTree does not paint "focused" node correctly, yellow border missing
4865499	RESOLVED	4	FIXED	jdnc	victor	0	code	F Cooper	FEATURE	Fri May 16 00:24:00 PDT 2003	0	Win L&F: JFileChooser: Context Help not  consistent with XP
4624680	RESOLVED	5	FIXED	binding	peters	454655037	tests	E Baker	BUG	Wed Jan 16 14:14:00 PST 2002	0	Useless error reporting from UIDefaults.getUI and undoc'd null return
4818934	ASSIGNED	3		jdnc	ingram	0	docs	E Evans	BUG	Fri Feb 14 13:14:00 PST 2003	0	Excessive painting in text components when editing
4870281	ASSIGNED	2		demos	ingram	382198697	code	A Xavier	FEATURE	Tue May 27 18:17:00 PDT 2003	0	nsk test nsk/stress/jck12a/jck12a017 hangs with tiger rt_baseline
4703711	ASSIGNED	4		website	oliver	159692614	docs	L Victor	BUG	Tue Jun 18 04:10:00 PDT 2002	0	RFE: Need JOptionPane.WORKING_MESSAGE message type
4839061	RESOLVED	4	FIXED	jdnc	tyson	0	data	X Norris	BUG	Thu Mar 27 17:36:00 PST 2003	0	no JTable renderer support for primitive type wrappers
4338140	RESOLVED	4	FIXED	website	xavier	0	data	Q Xavier	BUG	Mon May 15 11:02:00 PDT 2000	2	DefaultListSelectionModel.insertIndexInterval() should update lead/anchorIndex.
4288818	CLOSED	4	REJECTED	demos	peters	0	docs	I Oliver	BUG	Mon Nov 08 00:39:00 PST 1999	0	JEditorPane has strange characters in Chinese Windows 98
4521954	ASSIGNED	4		binding	davis	0	data	W Ziegler	BUG	Thu Nov 01 00:55:00 PST 2001	0	Text selection via double click should optionally highlight trailing space
4861684	ASSIGNED	4		demos	xavier	0	data	F Ingram	BUG	Fri May 09 11:49:00 PDT 2003	0	Using new release, my application turns strange colors.
4408327	RESOLVED	4	FIXED	website	ziegler	0	tests	S Jones	PATCH	Thu Jan 25 14:21:00 PST 2001	2	"Drive Empty" dialog not getting disposed on clicking "Ignore" or "Abort buttons
4260730	RESOLVED	4	REJECTED	binding	baker	0	tests	F Allen	BUG	Sat Aug 07 14:37:00 PDT 1999	0	MetalFileChooserUI can't override private createSingleClickListener
4223515	ASSIGNED	4		website	evans	168122114	tests	J Xavier	BUG	Wed Mar 24 09:51:00 PST 1999	0	Add subimage capability to ImageIcon to allow use of image sheets
4222821	CLOSED	4	FIXED	website	lewis	0	tests	V Jones	BUG	Mon Mar 22 18:01:00 PST 1999	11	Iconifying a JInternalFrame causes its GlassPane to lose state
4701238	ASSIGNED	3		website	davis	0	i18n	G Green	BUG	Wed Jun 12 00:39:00 PDT 2002	25	REGRESSION: Bidirectional text not working in JTextComponents
4694944	RESOLVED	3	REJECTED	jdnc	lewis	385351567	data	W Victor	BUG	Thu May 30 18:59:00 PDT 2002	14	1.4 REGRESSION: JFileChooser no longer works for virtual filesystems
4765314	ASSIGNED	5		binding	cooper	0	data	R Green	BUG	Fri Oct 18 00:19:00 PDT 2002	1	JWindow behaves differently than JWindow
4854803	ASSIGNED	4		binding	ziegler	617217119	i18n	N Smith	PATCH	Mon Apr 28 06:13:00 PDT 2003	0	Resize cursor shown all over the table header in some cases
4846272	ASSIGNED	4		binding	allen	0	code	J Myers	BUG	Thu Apr 10 07:38:00 PDT 2003	0	Focus lost from Windows LAF JFileChooser on changing to Windows HighContrast set
4765286	ASSIGNED	4		swingx	davis	0	i18n	G Norris	PATCH	Fri Oct 18 11:59:00 PDT 2002	0	JTree keep on calling TreeModel.getChild()
4677184	CLOSED	4	REJECTED	swingx	hatch	893405735	docs	L Victor	FEATURE	Tue Apr 30 10:14:00 PDT 2002	0	RFE: JMenu.setMenuLocation(int x, int y) should accept Point arg
4465792	CLOSED	4	FIXED	website	yancy	0	code	S Baker	FEATURE	Mon Jun 04 10:54:00 PDT 2001	0	javax.swing.JTable.isColumnSelected() does not throw IAE
4710695	ASSIGNED	4		website	ingram	347349395	data	Y Peters	PATCH	Wed Jul 03 04:10:00 PDT 2002	1	JMenu focus listener change from 1.3 to 1.4
4811071	ASSIGNED	3		jdnc	oliver	192253052	code	U Davis	FEATURE	Thu Jan 30 20:30:00 PST 2003	0	Gnome L&F / Windowmanager Support
4158988	CLOSED	4	FIXED	swingx	lewis	0	i18n	A Green	FEATURE	Mon Jul 20 16:48:00 PDT 1998	25	2-click on upper left corner can't close JInternalFrame
4860674	RESOLVED	4	FIXED	binding	queen	660439857	docs	D Queen	BUG	Thu May 08 14:25:00 PDT 2003	0	XP L&F: Some components not updating correctly when switching theme
4639981	ASSIGNED	4		demos	ryan	29504012	tests	D Oliver	BUG	Tue Feb 19 16:42:00 PST 2002	0	Cannot set button as default until it has been added to root pane
4765379	ASSIGNED	5		binding	lewis	0	data	G Cooper	BUG	Fri Oct 18 13:11:00 PDT 2002	0	Lack of support for event generation from JTable cell selection
4692568	RESOLVED	4	FIXED	website	ingram	0	tests	P Allen	PATCH	Tue May 28 15:23:00 PDT 2002	0	The Cancel button on JFileChooser shouldn't have an access key Alt-C.
4726740	CLOSED	4	REJECTED	jdnc	davis	238712256	data	Z Peters	PATCH	Tue Aug 06 00:04:00 PDT 2002	0	JTabbedPane(SCROLL_TAB_LAYOUT) doesn't work properly in right-to-left mode.
4725009	CLOSED	3	FIXED	website	victor	0	docs	M Victor	BUG	Thu Aug 01 17:42:00 PDT 2002	0	1.4.0 REGRESSION: Moving last column of JTable causes invalid selection events
4795415	ASSIGNED	3		jdnc	oliver	0	data	N Usher	BUG	Tue Dec 17 20:22:00 PST 2002	0	GTK+ L&F bugs uncovered with special BSOD test theme
4622863	ASSIGNED	4		demos	green	0	i18n	N Evans	BUG	Fri Jan 11 17:57:00 PST 2002	1	Improve performance of Swing HTML renderer
4780662	CLOSED	4	FIXED	binding	oliver	0	data	I Usher	PATCH	Mon Nov 18 15:17:00 PST 2002	0	Motif L&F:the image icon is on the left side of JOptionPane when the RTL is set
4842577	ASSIGNED	5		swingx	tyson	0	code	V Wilson	BUG	Thu Apr 03 16:25:00 PST 2003	0	JFileChooser does not immediately clear the file list upon change of directory
4765282	ASSIGNED	5		jdnc	green	0	docs	D Norris	BUG	Fri Oct 18 11:56:00 PDT 2002	1	Scrollbars for JScrollPane receive focus when used with JTextArea
4855133	ASSIGNED	3		demos	wilson	0	tests	N Oliver	BUG	Mon Apr 28 15:29:00 PDT 2003	0	XP L&F: Checkbox should not be surrounded by dashed box with focus
4337600	ASSIGNED	5		website	ziegler	0	code	G Wilson	PATCH	Thu May 11 16:19:00 PDT 2000	0	JCheckBoxMenuItem Documentation for Key Assignments in Incomplete
4812854	ASSIGNED	5		website	victor	978702423	tests	B Victor	BUG	Tue Feb 04 15:28:00 PST 2003	0	Image component for displaying/resizing images
4240860	RESOLVED	4	FIXED	binding	usher	472690136	tests	Q Ziegler	BUG	Mon May 24 19:09:00 PDT 1999	0	JToolBar.ActionChangedListener not persistant
4855867	RESOLVED	4	FIXED	demos	evans	0	docs	O Tyson	PATCH	Tue Apr 29 15:43:00 PDT 2003	0	DefaultCaret does not use TransferHandler when exporting selected text
4801246	CLOSED	4	REJECTED	demos	green	0	i18n	A Usher	BUG	Thu Jan 09 17:37:00 PST 2003	2	JTree should fire selection change notice on mouse up
4810151	ASSIGNED	3		swingx	green	0	data	M Davis	FEATURE	Wed Jan 29 14:54:00 PST 2003	0	JFileChooser details view uses wrong (possibly unreadable) text color
4416811	CLOSED	4	FIXED	website	victor	0	docs	A Myers	BUG	Mon Feb 19 17:02:00 PST 2001	1	getToolTipText(MouseEvent event) of JComboBox is never called
4484778	RESOLVED	4	REJECTED	website	allen	0	data	P Tyson	BUG	Thu Jul 26 00:16:00 PDT 2001	1	HTMLWriter fails to write out object tag correctly
4847375	ASSIGNED	4		demos	smith	457592623	tests	X Fisher	PATCH	Fri Apr 11 15:05:00 PDT 2003	5	JFileChooser Create New Folder button is disabled incorrectly
4708978	ASSIGNED	4		demos	xavier	0	code	J Green	PATCH	Thu Jun 27 09:32:00 PDT 2002	0	Ability for parent Containers *Listeners to be notified even if event consumed
4841152	ASSIGNED	4		binding	xavier	530354393	code	Q Cooper	BUG	Tue Apr 01 17:09:00 PST 2003	0	StyleConstants/JTextPane should support the Default alignment to support Locale
4298777	ASSIGNED	4		website	jones	0	tests	S Ingram	BUG	Sun Dec 12 11:52:00 PST 1999	1	JFileChooser's behaviour on Win95 (win32)
4222508	ASSIGNED	4		demos	yancy	0	i18n	F Peters	FEATURE	Mon Mar 22 09:19:00 PST 1999	1	JColorChooser ignores setEnabled() function call
4408424	CLOSED	4	FIXED	swingx	peters	702480406	tests	E Jones	BUG	Thu Jan 25 17:00:00 PST 2001	0	getLocation() and getLocationOnScreen() broken for JTableHeader children
4197909	CLOSED	4	FIXED	website	myers	0	data	Q Xavier	FEATURE	Wed Dec 16 10:01:00 PST 1998	1	Support drag selection of ranges in lists.
4713930	ASSIGNED	4		website	tyson	0	tests	B Victor	BUG	Fri Jul 12 02:59:00 PDT 2002	0	Swing: setMultiClickThreshhold issue, related to bug 4367718
4835791	CLOSED	4	FIXED	binding	tyson	0	i18n	B Myers	BUG	Fri Mar 21 02:55:00 PST 2003	0	demo/jfc/SwingSet2  doesn't work as expected
4870187	CLOSED	4	REJECTED	demos	myers	0	tests	L Ziegler	BUG	Tue May 27 15:56:00 PDT 2003	0	RFE: customize JLabel text-truncation property
4848179	ASSIGNED	4		website	fisher	0	code	X Queen	BUG	Mon Apr 14 16:00:00 PDT 2003	1	If all children are removed from javax.swing.text.View no new child can be added
4813436	RESOLVED	4	REJECTED	jdnc	jones	452984241	code	J Norris	BUG	Wed Feb 05 00:01:00 PST 2003	1	JOptionPane.showOptionDialog does not return if "options" is JButton[]
4311584	ASSIGNED	4		jdnc	ryan	0	data	F Kelly	PATCH	Thu Feb 10 11:46:00 PST 2000	1	Scrolling on hsviewer using arrow keys is slow (2 - 3s until scrolling begins)
4492274	RESOLVED	4	DUPLICATE	website	ryan	0	tests	O Ryan	FEATURE	Wed Aug 15 10:33:00 PDT 2001	6	JEditorPane.setPage(URL)-the URL treated as immutable object
4154399	RESOLVED	4	FIXED	demos	victor	0	docs	I Ryan	BUG	Thu Jul 02 14:56:00 PDT 1998	5	Initial focus is not set to the "first" focusable component.
4700643	RESOLVED	4	DUPLICATE	website	norris	0	code	L Victor	BUG	Tue Jun 11 14:17:00 PDT 2002	6	JTable selection misbehaves when a row is inserted at position 0
4140481	ASSIGNED	4		demos	ingram	0	docs	B Yancy	FEATURE	Wed May 20 00:38:00 PDT 1998	9	BoxLayout Not sizing or aligning correctly
4625667	RESOLVED	4	REJECTED	website	evans	0	data	H Smith	PATCH	Fri Jan 18 02:33:00 PST 2002	5	Strange FOCUS_GAINED event is sent to application
4403550	ASSIGNED	4		website	cooper	1409068238	i18n	S Lewis	FEATURE	Wed Jan 10 11:59:00 PST 2001	6	JTextField.setVisible(boolean b) does not work correctly.
4809663	CLOSED	4	REJECTED	jdnc	lewis	19894376	docs	I Green	BUG	Tue Jan 28 18:21:00 PST 2003	0	RFE: JOptionPane with Yes-Yes to all-No-No to all-Cancel
4474804	ASSIGNED	4		demos	ryan	0	data	H Ingram	BUG	Tue Jun 26 14:35:00 PDT 2001	0	JInternalFrames size with both mouse buttons
4686092	ASSIGNED	4		jdnc	smith	281538761	tests	I Ryan	BUG	Wed May 15 20:37:00 PDT 2002	0	SwingSet2 Content Alignment feature not working in Hopper 1.4.1-B11
4391936	RESOLVED	4	DUPLICATE	demos	jones	938281748	i18n	X Xavier	PATCH	Wed Nov 22 13:11:00 PST 2000	1	Swing's text measurement should not use Toolkit font metrics
4760482	CLOSED	4	FIXED	swingx	peters	0	code	C Xavier	PATCH	Wed Oct 09 10:31:00 PDT 2002	0	Maximized JInternalFrames in Windows LaF get bogus activated events
4769772	ASSIGNED	4		swingx	peters	0	i18n	F Wilson	BUG	Mon Oct 28 11:01:00 PST 2002	2	JInternalFrame.setIcon(true) before JDesktopPane.add(JIF) causes wrong state
4761990	RESOLVED	3	REJECTED	jdnc	wilson	1079993218	tests	Q Cooper	FEATURE	Fri Oct 11 00:00:00 PDT 2002	4	1.4 REGRESSION: Highlighting Color Behavior has changed
4231737	ASSIGNED	4		jdnc	cooper	486934225	docs	V Ingram	BUG	Wed Apr 21 00:56:00 PDT 1999	0	JDialogs not placed correctly when invoked from JPopups
4774166	RESOLVED	4	FIXED	binding	cooper	0	data	L Tyson	FEATURE	Tue Nov 05 14:52:00 PST 2002	0	InputVerifier not called after a window loses then regains focus
4790683	ASSIGNED	4		swingx	ziegler	329072728	tests	O Ziegler	PATCH	Mon Dec 09 11:11:00 PST 2002	1	JPasswordField should have a char[] constructor
4592902	ASSIGNED	4		jdnc	davis	0	i18n	N Queen	PATCH	Tue Dec 11 10:41:00 PST 2001	0	tooltips do not immediately hide when moving out of window
4442981	ASSIGNED	4		jdnc	cooper	0	tests	K Wilson	BUG	Thu Apr 12 17:38:00 PDT 2001	0	Win2000/XP L&F: Resizing JFileChooser: Does not have a minimum limit
4871932	ASSIGNED	4		binding	norris	0	i18n	U Jones	BUG	Fri May 30 00:26:00 PDT 2003	0	MouseMotionListener on JTable disappears when Look And Feel (LAF) changes
4141524	CLOSED	4	FIXED	website	hatch	0	docs	J Hatch	FEATURE	Fri May 22 18:44:00 PDT 1998	2	UndoManager doesn't help you keep your GUI up to date
4871936	CLOSED	4	DUPLICATE	jdnc	wilson	0	i18n	O Allen	BUG	Fri May 30 00:30:00 PDT 2003	0	RFE: provide a JFontChooser
4782243	ASSIGNED	4		website	wilson	0	docs	N Ingram	BUG	Wed Nov 20 17:33:00 PST 2002	0	setVisible on JToolBar does not hide the floating window
4336757	ASSIGNED	5		swingx	victor	0	i18n	B Baker	BUG	Tue May 09 13:32:00 PDT 2000	0	Regression 1.2.2 to 1.3: was setPreviousBounds() is now setNormalBounds()
4181978	ASSIGNED	4		demos	yancy	0	i18n	C Usher	PATCH	Fri Oct 16 03:59:00 PDT 1998	0	There is no spec for DebugGraphics draw methods
4838730	ASSIGNED	3		swingx	smith	0	docs	L Tyson	PATCH	Thu Mar 27 11:03:00 PST 2003	1	REGRESSION: In JTextArea setEditable(...) breaks focus traversal keys
4777616	RESOLVED	3	FIXED	website	ingram	0	code	S Oliver	PATCH	Tue Nov 12 00:50:00 PST 2002	0	setDefaultLookAndFeelDecorated(true) and Java Web Start don't mix well
4765362	ASSIGNED	5		jdnc	peters	0	code	R Usher	BUG	Fri Oct 18 00:54:00 PDT 2002	0	SetFont() in DefaultTableCellRenderer doesn't work
4851010	ASSIGNED	4		jdnc	yancy	0	code	Q Myers	FEATURE	Fri Apr 18 16:37:00 PDT 2003	0	RFE: In ComponentView.java, please change setComponentParent to public final
4811015	ASSIGNED	5		demos	cooper	429841286	tests	H Allen	BUG	Thu Jan 30 19:42:00 PST 2003	0	Reopen 4528403: JList checks ListModel equality incorrectly
4252173	ASSIGNED	4		jdnc	kelly	0	data	A Ziegler	FEATURE	Wed Jul 07 11:22:00 PDT 1999	0	Inability to reuse the HorizontalSliderThumbIcon
4292346	CLOSED	4	DUPLICATE	demos	ingram	0	code	B Hatch	FEATURE	Wed Nov 17 11:52:00 PST 1999	5	loading animated gifs throws mediaTracker.ABORTED error
4331767	CLOSED	4	FIXED	binding	xavier	0	code	M Peters	FEATURE	Wed Apr 19 14:12:00 PDT 2000	1	Can't make swing use your own UIDefaults class to override getUIError
4203039	ASSIGNED	3		website	fisher	0	data	S Ryan	FEATURE	Thu Jan 14 06:19:00 PST 1999	2	JToolBar needs API to limit docking to a particular orientation
4870668	ASSIGNED	5		jdnc	green	281182492	code	V Evans	PATCH	Wed May 28 11:44:00 PDT 2003	0	RFE: Refactor MetalRootPaneUI to be more flexible
4501171	ASSIGNED	4		swingx	ryan	0	tests	D Yancy	PATCH	Sun Sep 09 23:33:00 PDT 2001	0	setHolizontalAlignment() in Windows L&F JFileChooser doesn't work.
4403207	ASSIGNED	4		website	oliver	0	data	J Smith	BUG	Tue Jan 09 14:40:00 PST 2001	0	setFont does not work for JFileChooser
4782077	ASSIGNED	4		website	kelly	0	data	K Green	BUG	Wed Nov 20 14:37:00 PST 2002	1	CTRL-H menu item accelerator also causes text removal with text components
4466930	ASSIGNED	4		jdnc	peters	0	i18n	Q Norris	BUG	Wed Jun 06 15:26:00 PDT 2001	0	JTable.selectAll boundary handling
4850092	ASSIGNED	3		swingx	cooper	0	data	N Usher	PATCH	Thu Apr 17 10:24:00 PDT 2003	0	REGRESSION: call to updateUI() on a JButton changes the size of the button
4647551	RESOLVED	3	REJECTED	jdnc	fisher	0	tests	E Ziegler	BUG	Tue Mar 05 14:26:00 PST 2002	7	REGRESSION: KeyListener for JFrame doesn't work after click in JInternalFrame
4614926	ASSIGNED	4		swingx	norris	0	i18n	Y Yancy	FEATURE	Mon Dec 17 16:46:00 PST 2001	7	Native rendering into Swing components
4282679	ASSIGNED	4		website	hatch	0	code	Z Hatch	BUG	Tue Oct 19 15:22:00 PDT 1999	0	JEditorPane: Using different style tags is producing weird results
4763807	ASSIGNED	4		jdnc	tyson	0	docs	T Myers	BUG	Wed Oct 16 09:25:00 PDT 2002	1	JComboBox does not fire any mouse events with Metal L&F
4716484	RESOLVED	4	FIXED	jdnc	cooper	0	code	M Smith	BUG	Wed Jul 17 17:31:00 PDT 2002	1	Swing classes don't use getBorderInsets(Component,Insets) to save on object inst
4346610	ASSIGNED	4		binding	ziegler	0	tests	Z Norris	FEATURE	Mon Jun 19 16:42:00 PDT 2000	3	Adding JSeparator to JToolBar "pushes" buttons added after separator to edge
4480696	RESOLVED	5	FIXED	binding	myers	0	data	J Wilson	FEATURE	Tue Jul 17 10:57:00 PDT 2001	2	Comments On The Swing GUI MS Windows
4753342	CLOSED	4	DUPLICATE	demos	allen	0	i18n	E Peters	PATCH	Wed Sep 25 15:40:00 PDT 2002	0	JFrame, JWindow and JDialog should redirect add/remove methods to ContentPane
4822127	ASSIGNED	4		swingx	baker	0	i18n	Y Lewis	FEATURE	Fri Feb 21 00:18:00 PST 2003	0	misc swing problems with WinXP L&F
4800753	RESOLVED	3	FIXED	demos	baker	0	i18n	V Ryan	BUG	Thu Jan 09 03:38:00 PST 2003	0	Missing generic way to change ToolTipManagers and also the shared instance.
4801190	CLOSED	4	FIXED	binding	oliver	29685308	i18n	V Oliver	BUG	Thu Jan 09 16:05:00 PST 2003	2	JFileChooser does not show registered extensions under Windows with Metal
4337815	ASSIGNED	4		demos	yancy	137368686	code	Q Allen	PATCH	Fri May 12 11:06:00 PDT 2000	0	Make the constructor of javax.swing.text.html.StyleSheet.ListPainter public
4469678	ASSIGNED	5		website	ziegler	0	code	R Yancy	BUG	Wed Jun 13 17:25:00 PDT 2001	0	JFileChooser's new default layout breaks application that works in JDK1.3
4705104	RESOLVED	3	DUPLICATE	jdnc	ziegler	75424152	docs	V Green	PATCH	Thu Jun 20 02:03:00 PDT 2002	3	Notepad hangs up when open uigur text in gb18030 locale.
4525475	ASSIGNED	4		website	usher	0	code	Q Hatch	PATCH	Fri Nov 09 00:45:00 PST 2001	1	Cannot prevent file-system modification in JFileChooser
4795413	RESOLVED	3	FIXED	website	evans	8754188	tests	H Lewis	BUG	Tue Dec 17 20:07:00 PST 2002	0	GTK+ L&F not fully reflecting GNOME High contrast large print theme
4623275	RESOLVED	5	FIXED	demos	green	0	docs	B Lewis	FEATURE	Mon Jan 14 11:44:00 PST 2002	3	RFE: JTabbedPane: Provide option to display tab names vertically
4819544	CLOSED	4	FIXED	jdnc	victor	269566500	tests	U Xavier	BUG	Mon Feb 17 10:32:00 PST 2003	0	SwingSet2 JTable Demo throws NullPointerException
4592978	ASSIGNED	4		demos	davis	0	data	Z Evans	BUG	Tue Dec 11 13:03:00 PST 2001	0	The ScrollBar Up Button can't bring you completely up if JList has a border
4618607	ASSIGNED	5		swingx	tyson	0	code	T Ziegler	FEATURE	Wed Jan 02 11:16:00 PST 2002	7	RFE: Popups for narrow JComboBox are too narrow
4847161	ASSIGNED	3		swingx	queen	0	code	Q Yancy	PATCH	Fri Apr 11 10:30:00 PDT 2003	0	REGRESSION: RegTest-cte CTE_REGTEST/Generic/4683300/Test4683300.java failed
4199622	ASSIGNED	4		demos	allen	0	docs	H Ingram	PATCH	Wed Dec 23 11:54:00 PST 1998	26	RFE: JComboBox shouldn't sending ActionEvents for keyboard navigation
4515765	ASSIGNED	4		jdnc	davis	0	code	D Fisher	BUG	Wed Oct 17 11:04:00 PDT 2001	0	Win L&F: Disabled menu items should show highlight
4710678	ASSIGNED	4		binding	hatch	0	data	R Wilson	FEATURE	Wed Jul 03 03:15:00 PDT 2002	0	SwingApplet demo does not print properly
4858524	ASSIGNED	4		swingx	norris	0	docs	O Smith	BUG	Mon May 05 13:02:00 PDT 2003	1	JSpinner does not respect editor (JFormattedTextField) margin
4528786	ASSIGNED	4		website	allen	249443180	code	E Cooper	BUG	Sat Nov 17 16:19:00 PST 2001	0	Can't write "^" in Swing GUI Components with Swedish keyboard
4830695	RESOLVED	4	REJECTED	website	queen	40107039	code	K Myers	BUG	Tue Mar 11 14:49:00 PST 2003	0	Require ability to add data import ability on top of existing TransferHandler
4485588	CLOSED	4	DUPLICATE	demos	ziegler	0	code	B Peters	BUG	Fri Jul 27 17:31:00 PDT 2001	2	default button characteristics are lost for multiple internal frames
4778542	ASSIGNED	4		demos	xavier	0	tests	U Usher	FEATURE	Wed Nov 13 17:48:00 PST 2002	0	property "terminateEditOnFocusLost" results in distorted cell when editing table
4744971	ASSIGNED	4		jdnc	ryan	13064880	tests	Z Kelly	PATCH	Tue Sep 10 15:25:00 PDT 2002	1	ToolTips not changing when JTable cells have same Tooltip Text
4486794	ASSIGNED	4		swingx	myers	0	docs	U Fisher	BUG	Wed Aug 01 05:48:00 PDT 2001	5	"ctrl+shft+o" causes textcomponent crash after Inserting numbers and spaces
4265389	ASSIGNED	4		swingx	norris	0	code	O Ryan	BUG	Tue Aug 24 16:28:00 PDT 1999	0	JSplitPane does not support ComponentOrientation
4138768	CLOSED	4	FIXED	website	hatch	0	code	W Davis	BUG	Thu May 14 17:41:00 PDT 1998	0	JMenuItem: Setting Mnemonic to VK_HELP displays as "help"
4503816	RESOLVED	4	FIXED	swingx	ziegler	0	code	S Oliver	BUG	Mon Sep 17 16:40:00 PDT 2001	4	setNextFocusableComponent no longer backward compatible
4623505	RESOLVED	4	REJECTED	demos	myers	0	data	D Norris	BUG	Mon Jan 14 16:44:00 PST 2002	3	ArrayIndexOutOfBoundsException due to bad update in DefaultListSelectionModel
4189256	ASSIGNED	4		binding	norris	260365157	data	C Queen	BUG	Wed Nov 11 16:02:00 PST 1998	1	JDesktopPane disregards opacity setting
4795987	ASSIGNED	4		binding	allen	0	code	S Ingram	BUG	Wed Dec 18 16:58:00 PST 2002	1	DefaultTableCellRenderer does not honor 'isEnabled'
4850450	ASSIGNED	4		demos	jones	0	tests	H Peters	PATCH	Thu Apr 17 18:26:00 PDT 2003	0	Inconsistent JFormattedTextField selection behavior at FocusGained
4501167	ASSIGNED	4		jdnc	yancy	0	tests	X Lewis	FEATURE	Sun Sep 09 21:58:00 PDT 2001	0	Arabic date string displayed in a wrong format in JFileChooser
4848868	RESOLVED	4	FIXED	jdnc	yancy	733679036	data	S Smith	PATCH	Tue Apr 15 15:19:00 PDT 2003	0	BoxLayout expands components with HTML and it shouldn't
4203556	RESOLVED	4	FIXED	website	baker	0	data	Y Green	FEATURE	Fri Jan 15 00:08:00 PST 1999	7	registerKeyboardAction does not always mean getting the event
4803767	CLOSED	4	FIXED	swingx	oliver	769626773	i18n	F Wilson	FEATURE	Wed Jan 15 14:40:00 PST 2003	2	RFE : Ability to set OUTLINE DRAGGING in JFrame
4151536	ASSIGNED	4		swingx	jones	0	docs	Y Fisher	PATCH	Tue Jun 23 10:47:00 PDT 1998	6	JFileChooser should allow traversable but unacceptable directories
4486499	RESOLVED	5	FIXED	binding	hatch	0	data	X Cooper	BUG	Tue Jul 31 14:10:00 PDT 2001	4	javax.swing.text.html.HTMLWriter is badly written and needs rewriting
4773496	ASSIGNED	4		binding	fisher	0	i18n	E Fisher	BUG	Mon Nov 04 15:16:00 PST 2002	0	XP L&F: not enough padding in JComboBox
4337267	ASSIGNED	4		demos	lewis	404117685	i18n	G Evans	PATCH	Wed May 10 18:59:00 PDT 2000	1	Arabic Numeral Shaping
4256525	ASSIGNED	4		swingx	cooper	616378206	i18n	U Oliver	FEATURE	Thu Jul 22 18:52:00 PDT 1999	1	JInternalFrame Activation should be cheaper
4140808	ASSIGNED	4		website	xavier	0	i18n	D Fisher	FEATURE	Thu May 21 10:57:00 PDT 1998	4	AbstractDocument must not assume that its Content object is empty
4418620	RESOLVED	4	FIXED	swingx	hatch	0	docs	S Usher	BUG	Fri Feb 23 14:58:00 PST 2001	1	Shared JToolTip loses border
4865915	ASSIGNED	3		binding	fisher	435817169	data	E Victor	FEATURE	Mon May 19 01:57:00 PDT 2003	0	JCK1.4a-runtime api/javax_swing/interactive/JScrollBarTests.html#JScrollBar
4801274	ASSIGNED	4		website	victor	0	docs	E Davis	PATCH	Thu Jan 09 18:16:00 PST 2003	0	Tab key selects a non-existent row in an empty JTable
4421314	ASSIGNED	4		demos	davis	332474859	data	I Cooper	FEATURE	Fri Mar 02 15:59:00 PST 2001	0	JOptionPane.showInputDialog gets wrong choice with dup. text
4292342	CLOSED	4	FIXED	binding	ingram	0	i18n	L Yancy	BUG	Wed Nov 17 11:49:00 PST 1999	7	Clicking in an inactive JInternalFrame can cause a begin-drag (96845)
4783442	CLOSED	4	FIXED	website	ryan	0	data	M Evans	PATCH	Fri Nov 22 11:57:00 PST 2002	1	JPopupMenu drawn underneath JInternalFrame contents in fullscreen mode
4440338	RESOLVED	4	REJECTED	binding	hatch	471393693	data	F Davis	FEATURE	Wed Apr 11 16:48:00 PDT 2001	2	Redundant file loading threads using JFileChooser; deadlock
4730390	ASSIGNED	4		jdnc	ingram	545884810	i18n	A Evans	BUG	Mon Aug 12 17:15:00 PDT 2002	0	Get system level information about non-existing file names/extensions.
4820794	RESOLVED	4	FIXED	demos	oliver	0	code	C Ingram	BUG	Wed Feb 19 14:35:00 PST 2003	0	Pressing Caps Lock key starts cell editor in JTable
4760425	ASSIGNED	3		demos	tyson	0	docs	K Norris	BUG	Wed Oct 09 09:59:00 PDT 2002	9	Erroneous Behaviors When Accessing System Clipboard in Swing Applets
4767393	ASSIGNED	4		swingx	fisher	0	tests	Q Tyson	BUG	Wed Oct 23 10:54:00 PDT 2002	0	Disabled JMenu is selectable via mnemonic
4366725	ASSIGNED	4		demos	allen	246334590	i18n	K Ryan	PATCH	Tue Aug 29 00:06:00 PDT 2000	1	JFileChooser.setOpaque(false) does not work fully
4857299	ASSIGNED	5		demos	norris	396821222	code	W Smith	FEATURE	Thu May 01 16:11:00 PDT 2003	0	RFE: in JTree, expandPath should respect scrollsOnExpand
4849941	ASSIGNED	4		website	fisher	0	tests	E Usher	BUG	Thu Apr 17 03:08:00 PDT 2003	0	Right border missing in JTable
4313120	RESOLVED	4	FIXED	website	ryan	0	docs	I Evans	BUG	Wed Feb 16 11:54:00 PST 2000	5	ColorUIResource:  add Alpha channel support (plus another request)
4238847	ASSIGNED	4		binding	kelly	646835963	data	H Davis	BUG	Mon May 17 13:38:00 PDT 1999	0	Visibility in Extending UndoManager
4812585	CLOSED	3	FIXED	swingx	allen	0	data	G Wilson	BUG	Tue Feb 04 09:47:00 PST 2003	0	BasicComboBoxUI.FocusHandler doesn't hide popup menu when focus is lost
4745771	ASSIGNED	4		website	davis	0	code	H Queen	PATCH	Wed Sep 11 15:32:00 PDT 2002	9	JVM hangs after using ownerless JDialog
4851443	ASSIGNED	3		website	peters	0	code	G Lewis	PATCH	Mon Apr 21 00:28:00 PDT 2003	0	1.4.0 Regression: Animated GIFS stop animating on JButtons and JLabels
4847998	RESOLVED	4	REJECTED	demos	xavier	276746821	code	B Fisher	BUG	Mon Apr 14 11:45:00 PDT 2003	0	RFE: Please include TableLayout
4765288	ASSIGNED	4		jdnc	victor	0	code	W Victor	PATCH	Fri Oct 18 00:02:00 PDT 2002	0	HTMLDocument inserts HTML with <BR> tag incorrectly
4520587	CLOSED	4	FIXED	swingx	lewis	334608218	docs	Y Usher	BUG	Mon Oct 29 00:15:00 PST 2001	13	RFE: Need a JSpinner.reformat() method as a JSpinner.commitEdit()'s complement
4834918	CLOSED	2	FIXED	website	ingram	769493588	code	S Ziegler	PATCH	Wed Mar 19 18:13:00 PST 2003	22	Win L&F: JInternalFrame should merge with JMenuBar when maximized
4783248	RESOLVED	3	FIXED	jdnc	queen	0	i18n	F Xavier	BUG	Fri Nov 22 05:54:00 PST 2002	0	Win XP L&F : Slider leaves trail when dragged
4626632	ASSIGNED	5		demos	oliver	151658961	docs	Q Wilson	BUG	Tue Jan 22 11:33:00 PST 2002	1	Various containers for Action throw NPE when PropChgEvent has null newValue
4793790	ASSIGNED	4		jdnc	davis	0	code	R Myers	BUG	Fri Dec 13 15:37:00 PST 2002	0	checkbox table cell editor doesn't work properly
4765256	ASSIGNED	4		binding	green	0	tests	U Oliver	FEATURE	Fri Oct 18 11:36:00 PDT 2002	5	REGRESSION: Icons in JDesktopPane not repositioned when pane is resized
4486577	ASSIGNED	5		swingx	cooper	621995728	i18n	B Kelly	FEATURE	Tue Jul 31 16:01:00 PDT 2001	0	Wasteful use of getBounds() in interface Shape
4209604	ASSIGNED	4		website	lewis	0	i18n	D Myers	BUG	Mon Feb 08 08:04:00 PST 1999	0	ProgressMonitorInputStream updates ProgressMonitor outside event thread
4665225	CLOSED	4	FIXED	demos	ingram	0	docs	E Hatch	FEATURE	Tue Apr 09 14:10:00 PDT 2002	0	swing isn't coalescing some mouse drag events on scrollbars.
4487510	CLOSED	5	FIXED	website	ryan	691277014	code	N Yancy	PATCH	Thu Aug 02 00:34:00 PDT 2001	1	RFE: Need ability to set the disabledBackground for a JTextField or JTextArea
4137343	CLOSED	4	DUPLICATE	demos	fisher	0	tests	V Kelly	FEATURE	Tue May 12 00:33:00 PDT 1998	2	Toolbar and menubar layout managers don't wrap
4825653	ASSIGNED	4		swingx	ingram	0	i18n	B Baker	FEATURE	Fri Feb 28 11:46:00 PST 2003	0	JEditorPane getStream and setPage interdependency problem
4855171	ASSIGNED	4		binding	victor	0	tests	O Baker	PATCH	Mon Apr 28 16:11:00 PDT 2003	1	Cannot set a document to JFormattedTextField got from JSpinner's editor
4678300	ASSIGNED	4		demos	ziegler	0	i18n	A Cooper	BUG	Wed May 01 17:56:00 PDT 2002	21	SwingSet2 and other demos should use setJMenuBar()
4185305	ASSIGNED	4		jdnc	ingram	140628084	docs	R Myers	BUG	Wed Oct 28 17:57:00 PST 1998	1	JProgressBar Metal PLAF overwrites empty borders
4465504	CLOSED	5	REJECTED	swingx	allen	315871312	code	S Ryan	PATCH	Sun Jun 03 13:48:00 PDT 2001	2	Add getEditorKit() to JTextComponent
4749645	ASSIGNED	3		website	smith	0	code	G Kelly	FEATURE	Wed Sep 18 14:17:00 PDT 2002	2	WindowsLAF: Tooltip on bottommost menu item hides this menu item
4628641	CLOSED	4	DUPLICATE	website	ziegler	721965244	docs	K Yancy	BUG	Fri Jan 25 10:52:00 PST 2002	0	Make Segment implement CharSequence
4765292	ASSIGNED	3		swingx	tyson	0	docs	H Green	FEATURE	Fri Oct 18 00:05:00 PDT 2002	0	REGRESSION: WindowsLookAndFeel causes need for JInternalFrame revalidation
4148068	ASSIGNED	4		demos	smith	0	code	X Evans	PATCH	Thu Jun 11 17:35:00 PDT 1998	2	can't get all Properties from swing.text.Document
4232728	RESOLVED	4	REJECTED	jdnc	ryan	31823743	docs	Z Wilson	BUG	Sun Apr 25 20:27:00 PDT 1999	1	No method to manipulate Scroll Button or ComboBox Button
4508646	RESOLVED	4	FIXED	swingx	queen	0	data	F Queen	BUG	Fri Sep 28 00:17:00 PDT 2001	10	Tooltip generated by JToolBar.add(Action) wrong
4869855	ASSIGNED	2		swingx	queen	311477750	i18n	G Victor	PATCH	Tue May 27 08:54:00 PDT 2003	0	method MenuSelectionManager.setSelectedPath() throws NPE
4164323	ASSIGNED	4		swingx	queen	0	docs	A Tyson	BUG	Thu Aug 06 18:45:00 PDT 1998	3	AppletBeanInfo not defined, bound properties reported incorrectly
4622251	CLOSED	5	FIXED	website	victor	0	docs	Z Wilson	PATCH	Thu Jan 10 19:45:00 PST 2002	5	RFE: JSpinner wrapping from minimum to maximum or maximum to minimum.
4523840	ASSIGNED	4		website	usher	0	i18n	Y Victor	FEATURE	Tue Nov 06 15:56:00 PST 2001	1	inactive internal frames and propogation of mouse events
4716471	ASSIGNED	4		demos	ingram	0	i18n	T Usher	BUG	Wed Jul 17 17:13:00 PDT 2002	0	extendible EditorKits
4469726	ASSIGNED	4		swingx	green	200433934	data	S Baker	BUG	Wed Jun 13 18:50:00 PDT 2001	0	identification and use of non-client fonts in win32 desktop properties
4835479	ASSIGNED	5		swingx	davis	0	docs	Z Ryan	FEATURE	Thu Mar 20 14:47:00 PST 2003	0	JFileChooser/WindowsL&F: show hidden files if set in native Folder Options
4494156	ASSIGNED	5		website	smith	0	code	C Ryan	BUG	Mon Aug 20 18:30:00 PDT 2001	2	JEditorPane hyperlinks activate only when mouse is motionless
4865103	ASSIGNED	4		binding	davis	602045838	i18n	P Cooper	BUG	Thu May 15 18:22:00 PDT 2003	0	JScrollPane in GridBagLayout resizes incorrectly
4614558	RESOLVED	5	DUPLICATE	binding	evans	66341041	tests	J Ingram	FEATURE	Mon Dec 17 10:15:00 PST 2001	1	JTree setting Focus on JTextPane seems impossible
4368790	CLOSED	4	FIXED	swingx	fisher	716740357	i18n	K Ingram	FEATURE	Wed Sep 06 13:50:00 PDT 2000	13	JButton stays pressed when focus stolen
4793741	CLOSED	4	DUPLICATE	demos	peters	0	data	Q Allen	FEATURE	Fri Dec 13 14:45:00 PST 2002	0	setDefaultLookAndFeelDecorated Hint is ignored for JToolbar
4669384	CLOSED	5	FIXED	demos	evans	0	data	K Xavier	BUG	Tue Apr 16 14:42:00 PDT 2002	0	Problems with keyboard navigation in SwingSet2 List Demo
4765296	RESOLVED	4	FIXED	jdnc	myers	0	tests	O Myers	BUG	Fri Oct 18 00:08:00 PDT 2002	0	No focus rectangle on checkbox with html-formatted text
4849062	CLOSED	4	FIXED	swingx	cooper	0	code	Q Usher	BUG	Tue Apr 15 20:10:00 PDT 2003	1	JTable and JList have incompatible definitions of cellFocus for renderers.
4487456	ASSIGNED	4		binding	wilson	0	code	B Queen	BUG	Thu Aug 02 11:08:00 PDT 2001	0	JComboBox generates mouseRelease events for certain LAF only
4482128	CLOSED	4	DUPLICATE	demos	wilson	0	tests	E Tyson	BUG	Thu Jul 19 17:52:00 PDT 2001	1	REGRESSION: Editable JComboBox as a TableCellEditor doesn't render the selection
4871520	CLOSED	3	REJECTED	binding	ziegler	0	tests	S Jones	BUG	Thu May 29 17:08:00 PDT 2003	0	PopupFactory.setSharedInstance refers to undefined "AppContext"
4676790	RESOLVED	4	FIXED	jdnc	cooper	0	data	T Peters	PATCH	Mon Apr 29 17:23:00 PDT 2002	1	The Short-cut keys for the Menus has focus level Issues.
4825409	CLOSED	3	REJECTED	demos	kelly	0	code	J Xavier	BUG	Thu Feb 27 21:10:00 PST 2003	0	XP L&F: JFileChooser navigation button sizing problem
4462415	RESOLVED	4	FIXED	jdnc	yancy	0	data	K Yancy	FEATURE	Wed May 23 14:50:00 PDT 2001	0	Splash screen replace SwingSet demo panel in SwingSet2 due to race condition
4792192	CLOSED	5	FIXED	website	baker	0	docs	D Myers	PATCH	Wed Dec 11 00:11:00 PST 2002	0	RFE: Need an event-free programmatic means of changing a JComboBox selection
4161616	ASSIGNED	4		demos	yancy	0	docs	Z Yancy	BUG	Wed Jul 29 11:58:00 PDT 1998	21	Make tool bars more like MS toolbars
4652910	ASSIGNED	4		binding	allen	122323559	tests	W Cooper	BUG	Thu Mar 14 00:35:00 PST 2002	0	JPI Exception dialog - OK accelerator key missing (PIT02:[03/11/02] )
4422795	ASSIGNED	4		jdnc	lewis	796341714	code	M Fisher	BUG	Wed Mar 07 00:04:00 PST 2001	0	MetalBorders.TableHeaderBorder: not a UIResource, wrong Insets
4303294	ASSIGNED	4		binding	queen	0	docs	M Davis	BUG	Fri Jan 07 13:23:00 PST 2000	6	Implement discontinuous selection from the keyboard for list-like components
4480327	RESOLVED	4	DUPLICATE	binding	jones	0	i18n	O Ziegler	PATCH	Mon Jul 16 14:59:00 PDT 2001	44	1.4's JFileChooser extremely slow for remote folders
4222732	ASSIGNED	4		binding	peters	0	tests	X Ziegler	PATCH	Mon Mar 22 15:18:00 PST 1999	1	JTable setBorder overwrites data in first row (ie bad inset layout)
4817131	ASSIGNED	4		demos	queen	1033130491	docs	J Wilson	FEATURE	Tue Feb 11 19:59:00 PST 2003	0	JScrollPane.setComponentOrientation() doesn't change corner components.
4835483	ASSIGNED	5		jdnc	allen	85117513	i18n	V Ryan	FEATURE	Thu Mar 20 14:51:00 PST 2003	0	JFileChooser/WindowsL&F:Details view column headings should be left-justified
4688783	ASSIGNED	4		jdnc	smith	0	data	P Oliver	BUG	Tue May 21 11:54:00 PDT 2002	0	JPopupMenu hardcoded i JMenu
4349334	RESOLVED	4	FIXED	swingx	lewis	763222610	docs	C Smith	BUG	Wed Jun 28 18:11:00 PDT 2000	1	Column headers are cut off in JTable for Windows L&F
4508191	RESOLVED	4	FIXED	binding	jones	0	tests	B Peters	BUG	Thu Sep 27 15:25:00 PDT 2001	3	JOptionPane.showInternalOptionDialog blocks after its enclosing JFrame is closed
4777579	ASSIGNED	3		swingx	xavier	539820648	tests	K Green	BUG	Tue Nov 12 11:56:00 PST 2002	0	1.4 REGRESSION: Redo with HTMLEditorKit causes NullPointerException
4104906	CLOSED	4	FIXED	swingx	ingram	86604428	tests	J Norris	BUG	Mon Jan 19 00:20:00 PST 1998	20	JOptionPane should wordwrap message text
4792249	RESOLVED	4	FIXED	swingx	cooper	0	tests	I Cooper	PATCH	Wed Dec 11 13:21:00 PST 2002	0	MaskFormatter bugs with valueToString() and stringToValue()
4836762	ASSIGNED	4		jdnc	tyson	0	docs	S Queen	PATCH	Mon Mar 24 14:14:00 PST 2003	0	Documentation typo in javax.swing.text.Document
4667991	ASSIGNED	4		swingx	peters	0	docs	L Davis	FEATURE	Sun Apr 14 04:26:00 PDT 2002	1	built-in support for sorting table
4855750	ASSIGNED	5		website	lewis	0	tests	H Peters	FEATURE	Tue Apr 29 13:36:00 PDT 2003	0	JFileChooser doesn't allow to remove disabled Help Button
4762915	RESOLVED	4	REJECTED	website	baker	0	code	U Evans	BUG	Mon Oct 14 18:06:00 PDT 2002	2	JComboBox:prototypeDisplayValue not passed to internal lists PrototypeCellValue
4214395	ASSIGNED	4		jdnc	usher	7747730	code	W Green	BUG	Wed Feb 24 08:01:00 PST 1999	5	JOptionPane's createInternalFrame() method doesn't allow JInternalFrame subclass
4525465	ASSIGNED	4		demos	ryan	259887918	docs	K Baker	BUG	Fri Nov 09 00:34:00 PST 2001	0	SwingSet2/BezierAnimationCurve demo needs to be updated
4777756	CLOSED	4	DUPLICATE	demos	oliver	0	code	F Tyson	FEATURE	Tue Nov 12 16:19:00 PST 2002	1	JTable doesn't remove active CellEditor when TableModel changes
4640081	ASSIGNED	4		swingx	smith	0	data	F Wilson	BUG	Tue Feb 19 18:48:00 PST 2002	4	JPopupMenu.show() does not display JPopup if previously hidden
4466892	CLOSED	4	FIXED	jdnc	ingram	0	code	I Ryan	BUG	Wed Jun 06 14:32:00 PDT 2001	1	Enhance SwingSet2 demo to use flat-button JToolBar under Win L&F
4801152	CLOSED	4	FIXED	swingx	smith	0	docs	N Norris	BUG	Thu Jan 09 15:20:00 PST 2003	3	Various Focus problems with JInternalFrame
4625388	ASSIGNED	4		swingx	queen	0	code	A Usher	BUG	Thu Jan 17 15:32:00 PST 2002	2	JEditorPane read method does not work with Changed Char set and doc w/o url
4723012	ASSIGNED	3		swingx	myers	0	code	S Smith	BUG	Tue Jul 30 14:36:00 PDT 2002	0	1.4.0 REGRESSION: JTable column header is not properly centered.
4714318	ASSIGNED	3		demos	smith	0	data	I Tyson	BUG	Fri Jul 12 14:46:00 PDT 2002	0	1.4.0 REGRESSION: Multi Selection JFileChooser throws ArrayIndexOutOfBoundsExcep
4522861	ASSIGNED	4		swingx	evans	766752321	data	O Ryan	BUG	Mon Nov 05 08:11:00 PST 2001	4	JEditor HTMLEditorKit spacing regression to 1.3.x
4865494	ASSIGNED	4		jdnc	myers	205993573	docs	I Wilson	PATCH	Fri May 16 00:22:00 PDT 2003	0	Win L&F: JFileChooser: View As Options not  consistent with XP
4324692	ASSIGNED	4		demos	norris	0	data	D Hatch	BUG	Fri Mar 24 05:12:00 PST 2000	2	Cursor loops infinitely in multiline JTextPane
4129691	RESOLVED	4	FIXED	jdnc	usher	0	data	N Xavier	BUG	Thu Apr 16 13:48:00 PDT 1998	0	Motif,JButton:If paintBorder is false focus not painting though paintfocus true
4501652	ASSIGNED	4		binding	peters	0	tests	B Wilson	FEATURE	Tue Sep 11 00:07:00 PDT 2001	1	Attributes of columns should not depend on the position. (JFileChooser)
4849177	ASSIGNED	4		jdnc	green	0	data	B Myers	BUG	Wed Apr 16 03:47:00 PDT 2003	0	NPE thrown in Table Demo of SwingSet2
4155103	RESOLVED	4	FIXED	website	fisher	0	docs	O Norris	PATCH	Tue Jul 07 11:32:00 PDT 1998	8	JFrame, JDialog, JWindow, and JApplet don't use RepaintManager
4103946	ASSIGNED	4		website	evans	0	data	Y Cooper	BUG	Wed Jan 14 13:20:00 PST 1998	0	Motif scrollbars keyboard navigation not working properly
4273817	ASSIGNED	4		jdnc	cooper	0	docs	U Usher	PATCH	Mon Sep 20 19:01:00 PDT 1999	0	Add a forcedPaintFocus property to JCheckBox
4789550	RESOLVED	5	FIXED	swingx	hatch	0	docs	N Ingram	BUG	Thu Dec 05 17:57:00 PST 2002	1	RFE: Need showMessageDialog with only one parameter in javax.swing.JOptionPane
4776403	ASSIGNED	4		website	norris	0	data	G Kelly	BUG	Fri Nov 08 15:00:00 PST 2002	0	setRolloverEnabled(true) not working for JMenuItem
4745084	CLOSED	4	FIXED	swingx	lewis	0	i18n	C Ryan	BUG	Tue Sep 10 17:17:00 PDT 2002	1	Make it easier to have custom icons for tree cell renderers and editors
4482545	ASSIGNED	4		jdnc	kelly	185966502	code	H Green	BUG	Fri Jul 20 14:36:00 PDT 2001	1	JInternalFrame.isPalette should be supported in Window LAF
4318634	ASSIGNED	4		demos	victor	0	data	T Evans	BUG	Fri Mar 03 10:49:00 PST 2000	1	Request improved dirty region tracking in javax.swing.RepaintManager
4691083	ASSIGNED	4		website	myers	0	tests	V Lewis	PATCH	Thu May 23 22:08:00 PDT 2002	1	RFE: Add a constructor to ProgressMonitor to specify a JProgressBar
4615021	RESOLVED	4	FIXED	jdnc	hatch	0	code	P Allen	BUG	Mon Dec 17 18:32:00 PST 2001	0	Improve Swing icons
4533820	ASSIGNED	4		binding	kelly	57613116	docs	K Green	BUG	Fri Nov 30 16:11:00 PST 2001	76	Extend InputVerifiers to keep events from firing on target components.
4417601	ASSIGNED	5		jdnc	victor	1133200465	docs	T Xavier	PATCH	Wed Feb 21 14:44:00 PST 2001	0	JMenus with no items paint a tiny menu.
4783623	ASSIGNED	4		swingx	oliver	0	code	B Oliver	PATCH	Fri Nov 22 15:04:00 PST 2002	0	non-active JInternalFrame won't call COMPONENT_RESIZED when maximized
4368107	CLOSED	4	FIXED	swingx	usher	0	tests	V Green	BUG	Sun Sep 03 07:49:00 PDT 2000	0	JTable cell text is parttialy or totally hidden when cells are double clicked
4497885	RESOLVED	4	FIXED	demos	lewis	212772995	data	I Peters	PATCH	Wed Aug 29 15:25:00 PDT 2001	3	Etched- and TitledBorder in Swing with Windows L&F don't use system colors.
4832239	RESOLVED	4	FIXED	swingx	ingram	0	docs	W Myers	FEATURE	Thu Mar 13 14:41:00 PST 2003	3	RFE: JOptionPane using initialValue when options is null
4765307	ASSIGNED	4		demos	oliver	874674369	tests	S Fisher	BUG	Fri Oct 18 00:13:00 PDT 2002	0	REGRESSION: Accelerator vs. TransferHandler
4471450	CLOSED	4	FIXED	jdnc	yancy	0	data	X Green	BUG	Mon Jun 18 18:34:00 PDT 2001	5	Add support for floating boxes to swing text framework
4130812	ASSIGNED	4		website	ingram	0	data	Z Jones	FEATURE	Mon Apr 20 15:34:00 PDT 1998	0	Motif JToggleButton: painting focus is not handled well
4798542	CLOSED	4	FIXED	swingx	ryan	0	i18n	T Peters	FEATURE	Thu Jan 02 17:35:00 PST 2003	1	Mnemonics not working when ALT key is released before character key
4830281	CLOSED	3	FIXED	website	allen	0	data	O Tyson	FEATURE	Mon Mar 10 20:48:00 PST 2003	0	DPI setting not supported in GTK L&F
4465512	ASSIGNED	4		binding	xavier	0	docs	B Jones	FEATURE	Sun Jun 03 15:44:00 PDT 2001	2	New 1.4 focus rework for popup menus isn't ignoring menu accelerators
4675781	ASSIGNED	4		binding	hatch	160288645	i18n	O Tyson	BUG	Fri Apr 26 15:12:00 PDT 2002	1	javax.swing.Timer does not safely handle negative delays
4801162	ASSIGNED	4		website	lewis	285115608	data	A Ingram	PATCH	Thu Jan 09 15:29:00 PST 2003	1	RFE: Make javax.swing.JTextPane.replaceSelection at least protected
4794439	ASSIGNED	4		website	peters	117471164	code	S Allen	BUG	Mon Dec 16 14:37:00 PST 2002	0	ListCellRenderer in JList rendering HTML text calculates it own size wrong
4262543	CLOSED	4	FIXED	website	green	0	data	C Lewis	BUG	Sat Aug 14 14:53:00 PDT 1999	2	DebugGraphics extends Graphics, not Graphics2D
4858534	CLOSED	4	FIXED	jdnc	ingram	79825284	data	L Wilson	FEATURE	Mon May 05 13:21:00 PDT 2003	0	JSlider does not resize after JInternalFrame it's in is maximized, iconified
4684300	ASSIGNED	4		jdnc	green	0	data	P Davis	BUG	Mon May 13 16:57:00 PDT 2002	0	Swing tooltips don't dissapear when the mouse moves over them
4274423	ASSIGNED	4		demos	tyson	0	i18n	X Kelly	BUG	Wed Sep 22 11:30:00 PDT 1999	0	JOptionPane.getMaxCharactersPerLineCount needs a setMaxCharactersPerLineCount
4632500	ASSIGNED	5		binding	victor	0	i18n	Y Green	BUG	Sat Feb 02 19:32:00 PST 2002	2	Application icon (teacup) appears on jfilechooser in java windows l&f
4793728	ASSIGNED	5		demos	ziegler	0	code	Z Peters	BUG	Fri Dec 13 14:24:00 PST 2002	1	RFE: JRadioButton( JComponent component) would be nice
4371409	CLOSED	4	FIXED	demos	oliver	139616978	docs	U Green	FEATURE	Fri Sep 15 06:22:00 PDT 2000	0	TEST_BUG: the test JColorChooser/JCC_setSelectionModel is invalid
4346941	ASSIGNED	4		swingx	usher	0	code	Q Kelly	BUG	Tue Jun 20 15:55:00 PDT 2000	7	JRadioButton objects lose ther opaque settings after updateComponentTree()
4424085	ASSIGNED	4		demos	queen	0	i18n	G Baker	PATCH	Fri Mar 09 16:21:00 PST 2001	0	Several Swing problems
4765382	ASSIGNED	5		binding	norris	0	data	Y Davis	FEATURE	Fri Oct 18 13:13:00 PDT 2002	0	JFileChooser - focus problem
4765323	CLOSED	5	FIXED	demos	baker	316312201	docs	G Yancy	BUG	Fri Oct 18 00:26:00 PDT 2002	3	JTable.setAutoResizeMode(AUTO_RESIZE_ALL_COLUMNS) doesn't resize proportionally
4826493	CLOSED	5	FIXED	binding	green	0	tests	K Xavier	BUG	Mon Mar 03 13:40:00 PST 2003	0	Remove/Disable Files of Type List Item in the Directory only JFileChooser
4165217	ASSIGNED	4		jdnc	kelly	0	tests	G Ryan	BUG	Mon Aug 10 15:39:00 PDT 1998	1	JColorChooser is not serialized
4802583	RESOLVED	4	FIXED	swingx	allen	0	tests	U Usher	BUG	Mon Jan 13 16:37:00 PST 2003	0	JTabbedPane paints components from unselected tabs
4767065	CLOSED	4	FIXED	binding	baker	200688486	docs	H Usher	FEATURE	Tue Oct 22 18:50:00 PDT 2002	0	Strange Focus behavior of JInternalFrames on JDesktopPane
4735107	RESOLVED	4	DUPLICATE	jdnc	cooper	0	docs	B Evans	FEATURE	Wed Aug 21 18:32:00 PDT 2002	3	Architecture of JTable and TableModel
4765310	ASSIGNED	5		swingx	tyson	0	docs	T Victor	PATCH	Fri Oct 18 00:16:00 PDT 2002	1	javax.swing.JSpinner$DateEditor(JSpinner, DateFormat) should be public.d
4524271	ASSIGNED	4		swingx	hatch	0	docs	A Queen	BUG	Wed Nov 07 00:14:00 PST 2001	0	RFE: Thai WTT 2.0 editing support in JTextComponent
4641856	ASSIGNED	3		demos	queen	0	code	K Fisher	PATCH	Fri Feb 22 11:36:00 PST 2002	0	Swing popup menus get clipped when a browser is sized smaller than the applet
4645049	ASSIGNED	5		demos	xavier	0	i18n	Z Wilson	BUG	Thu Feb 28 14:23:00 PST 2002	0	minor iconify/restore/close buttons windows L&F inconsistent
4527482	CLOSED	4	FIXED	website	allen	475542612	data	L Ziegler	PATCH	Wed Nov 14 18:56:00 PST 2001	5	JTextField and JLabel do not display correct font under Windows L&F in 1.4beta3
4833645	ASSIGNED	5		website	peters	0	code	X Wilson	PATCH	Mon Mar 17 15:01:00 PST 2003	0	BoxLayout does not respect components preferred widths
4684067	CLOSED	4	FIXED	swingx	evans	518805383	i18n	J Allen	BUG	Mon May 13 13:31:00 PDT 2002	2	HTMLEditor Kit, Can't delete list items
4263171	ASSIGNED	4		demos	kelly	0	data	T Allen	PATCH	Tue Aug 17 15:29:00 PDT 1999	0	JToolBar doesn't draw properly when dragged
4765319	RESOLVED	4	FIXED	demos	victor	0	i18n	R Cooper	BUG	Fri Oct 18 00:23:00 PDT 2002	0	1.4 REGRESSION: Alt-Up/Down doens't open combo in WinLAF
4244395	CLOSED	4	FIXED	jdnc	yancy	0	data	V Ingram	BUG	Mon Jun 07 11:19:00 PDT 1999	0	Drawing bugs when using emptyBorder with button classes
4486151	ASSIGNED	4		swingx	usher	0	tests	L Fisher	BUG	Mon Jul 30 17:36:00 PDT 2001	1	SpringLayout does not support ComponentOrientation
4727901	CLOSED	4	FIXED	website	victor	0	docs	G Evans	FEATURE	Wed Aug 07 14:35:00 PDT 2002	0	Add a SortedListModel class
4854950	RESOLVED	4	FIXED	website	ryan	0	docs	Y Jones	BUG	Mon Apr 28 11:35:00 PDT 2003	0	JFrame's decorated root pane doesn't like MouseListeners
4624567	ASSIGNED	4		binding	davis	877397609	code	B Usher	BUG	Wed Jan 16 11:41:00 PST 2002	0	REGRESSION: JTable in JInternalFrame won't initially drag scroll
4109871	ASSIGNED	4		website	smith	0	i18n	Z Victor	BUG	Thu Feb 05 13:56:00 PST 1998	20	JComboBox is not fully accessible in JTable.
4296022	ASSIGNED	4		swingx	victor	29533412	docs	A Fisher	BUG	Wed Dec 01 16:23:00 PST 1999	69	Displaying XML within a JEditorPane
4721224	ASSIGNED	4		website	norris	0	data	A Ingram	FEATURE	Fri Jul 26 03:03:00 PDT 2002	2	JApplet shouldn't be a focus cycle root
4295363	ASSIGNED	4		website	victor	0	data	X Jones	BUG	Tue Nov 30 06:11:00 PST 1999	4	Component Orientation for JTable Cells does not work
4202392	CLOSED	4	REJECTED	binding	ingram	817513343	code	X Fisher	BUG	Tue Jan 12 08:55:00 PST 1999	3	add propertyChangeListener support to TitledBorder
4533778	ASSIGNED	4		website	smith	1357787050	tests	N Myers	BUG	Fri Nov 30 15:25:00 PST 2001	3	isSelectionEmpty() returns false in empty JTable 1.3.1, 1.4beta3
4665233	ASSIGNED	4		website	ryan	0	code	R Tyson	BUG	Tue Apr 09 14:18:00 PDT 2002	2	swing RepaintManager is not optimal for some JTable update scenarios
4825408	CLOSED	3	FIXED	binding	davis	0	code	O Ryan	BUG	Thu Feb 27 21:05:00 PST 2003	0	XP L&F: JFileChooser resizing problems
4765299	ASSIGNED	5		website	usher	509276527	code	R Smith	BUG	Fri Oct 18 00:10:00 PDT 2002	0	componentResized() not always called with nested JSplitPanes
4471760	CLOSED	4	FIXED	demos	queen	477447218	data	Y Cooper	FEATURE	Tue Jun 19 13:10:00 PDT 2001	0	JLabel has shaggy text when disabled
4459137	RESOLVED	4	FIXED	binding	kelly	0	i18n	O Allen	BUG	Tue May 15 18:05:00 PDT 2001	0	Displaying position is wrong for BorderFactorytest
4860345	ASSIGNED	4		jdnc	baker	0	tests	V Xavier	BUG	Thu May 08 06:00:00 PDT 2003	0	JTree folder icon in WinXP LAF is not similar to WinXP
4765241	CLOSED	3	REJECTED	website	evans	0	docs	N Evans	BUG	Fri Oct 18 11:25:00 PDT 2002	0	1.4 REGRESSION: ContainerOrderFocusTraversal prevents InputVerifier.verify()
4707457	RESOLVED	4	FIXED	jdnc	allen	347094836	data	U Green	PATCH	Mon Jun 24 21:17:00 PDT 2002	10	focusGained and focusLost methods under FcousListener in 1.4 do not work as 1.3
4835327	ASSIGNED	4		website	victor	699659966	tests	W Kelly	BUG	Thu Mar 20 00:09:00 PST 2003	0	componentShown only received for first doc in MDI
4803478	ASSIGNED	4		jdnc	ryan	79984822	data	S Baker	BUG	Wed Jan 15 06:45:00 PST 2003	0	Regression .../JComboBox/4465533/bug4465533.java fails on WinXP
4430777	RESOLVED	4	FIXED	binding	peters	0	tests	O Baker	BUG	Tue Mar 27 15:25:00 PST 2001	0	GlyphPainter2 requires AbstractDocument
4226243	RESOLVED	4	FIXED	website	oliver	785511356	data	R Tyson	BUG	Thu Apr 01 18:13:00 PST 1999	9	Can't navigate within a radio button group using arrow keys
4778281	ASSIGNED	4		swingx	hatch	80669234	i18n	P Oliver	BUG	Wed Nov 13 00:06:00 PST 2002	0	Alt-Tab while resizing JInternalFrame results in wrong cursor
4861002	ASSIGNED	4		website	cooper	55616875	i18n	Y Ryan	PATCH	Fri May 09 02:04:00 PDT 2003	0	JFileChosser does not have resize restrictions as in native XP
4311805	CLOSED	4	FIXED	demos	wilson	474200483	data	J Fisher	FEATURE	Thu Feb 10 20:57:00 PST 2000	0	Dragged out JToolBar ocupates unexpected position on screen
4804690	ASSIGNED	3		jdnc	wilson	0	code	W Green	BUG	Thu Jan 16 22:55:00 PST 2003	0	SwingSet2/JInternalFrame/GTK:the background of the generator has a problem
4431395	ASSIGNED	4		jdnc	peters	0	code	B Ziegler	BUG	Wed Mar 28 17:20:00 PST 2001	2	JTextPane in JScrollPanel with large component not drawn properly
4825949	ASSIGNED	4		binding	oliver	450216357	docs	L Cooper	BUG	Fri Feb 28 17:46:00 PST 2003	3	JToolTip in JApplet will place tooltip in wrong monitor
4473401	ASSIGNED	5		jdnc	ingram	0	tests	W Usher	BUG	Fri Jun 22 10:34:00 PDT 2001	1	Forms should generate a hyperlink event, not directly post/get the data
4520228	ASSIGNED	4		swingx	usher	0	data	A Usher	BUG	Fri Oct 26 18:01:00 PDT 2001	27	Lightweight swing containers do not print their nested (child) components
4671612	ASSIGNED	5		website	davis	0	tests	L Allen	BUG	Fri Apr 19 00:08:00 PDT 2002	6	JTable reporting invalid selected row count
4862834	RESOLVED	2	REJECTED	website	kelly	0	tests	B Lewis	BUG	Mon May 12 22:19:00 PDT 2003	0	REGRESSION: api/javax_swing/JMenuBar/AccessibleJMenuBar/index.html#AccessibleSel
4642061	ASSIGNED	5		demos	hatch	0	i18n	Z Fisher	BUG	Fri Feb 22 16:11:00 PST 2002	29	JTreeTable
4759312	CLOSED	3	DUPLICATE	website	oliver	0	code	J Cooper	PATCH	Mon Oct 07 17:52:00 PDT 2002	1	JInternalFrame Not Being Finalized After Closing
4869885	ASSIGNED	4		binding	myers	0	data	F Smith	FEATURE	Tue May 27 09:47:00 PDT 2003	0	JEditorPane can't detect &lt in HTML if it is followed by a character
4398733	ASSIGNED	4		demos	ziegler	24191794	code	C Xavier	BUG	Fri Dec 15 16:06:00 PST 2000	11	MouseClicked event not delivered when switched between  2 Internal frames
4706813	RESOLVED	3	FIXED	demos	davis	0	i18n	Q Lewis	FEATURE	Sun Jun 23 06:50:00 PDT 2002	0	jdk1.4.1-b14, JFileChooser fails to display contents of "My Computer" under XP
4472830	CLOSED	4	REJECTED	website	yancy	0	code	D Usher	FEATURE	Thu Jun 21 11:30:00 PDT 2001	2	Drag sensitivity should be adjustable
4480335	ASSIGNED	4		jdnc	cooper	0	code	J Hatch	PATCH	Mon Jul 16 15:10:00 PDT 2001	0	editable JComboBox changes newlines into spaces
4486496	ASSIGNED	4		binding	myers	0	tests	F Baker	BUG	Tue Jul 31 14:08:00 PDT 2001	4	ParserDelegator().parse() gives tags out of order
4486741	RESOLVED	4	FIXED	swingx	norris	0	i18n	M Ingram	FEATURE	Tue Jul 31 21:32:00 PDT 2001	0	Swing text components don't store the attributes of input method committed text
4859570	ASSIGNED	4		website	wilson	0	code	E Myers	BUG	Wed May 07 04:14:00 PDT 2003	0	SwingUtilities.sharedOwnerFrame is never disposed
4207472	CLOSED	4	DUPLICATE	jdnc	baker	0	code	K Victor	PATCH	Sun Jan 31 11:39:00 PST 1999	6	Space added after named anchors
4479363	RESOLVED	4	FIXED	swingx	xavier	499975687	data	F Davis	PATCH	Thu Jul 12 17:34:00 PDT 2001	14	Swing does not handle fractional font metrics correctly
4678049	ASSIGNED	5		jdnc	hatch	0	i18n	G Wilson	FEATURE	Wed May 01 13:14:00 PDT 2002	1	Selecting a new filter causes the filename field to blank out in JFileChooser
4787979	ASSIGNED	4		demos	davis	670789140	code	B Jones	PATCH	Tue Dec 03 17:02:00 PST 2002	0	JComboBox getToolTipLocation does not work
4853739	CLOSED	5	FIXED	jdnc	usher	753756495	data	U Allen	BUG	Thu Apr 24 16:39:00 PDT 2003	0	In JOptionPane, selectInitialValue() is not called when first focusing dialog
4740419	ASSIGNED	3		jdnc	ryan	0	data	V Oliver	BUG	Mon Sep 02 08:13:00 PDT 2002	1	Selecting unselected tab doesn't get the focus, under some condition.
4301200	ASSIGNED	4		jdnc	davis	872910539	docs	J Smith	BUG	Wed Dec 22 04:16:00 PST 1999	0	Text widths are calculated incorrect
4733651	CLOSED	4	FIXED	binding	ryan	0	tests	K Hatch	BUG	Mon Aug 19 16:43:00 PDT 2002	1	File[] returned by FileSystemView.getRoots() should never be modifed on Win32
4865503	ASSIGNED	5		jdnc	usher	0	code	J Ziegler	FEATURE	Fri May 16 00:26:00 PDT 2003	0	Win L&F: JFileChooser:  Save In label alignment not  consistent with XP
4826627	ASSIGNED	5		swingx	baker	0	docs	O Fisher	FEATURE	Mon Mar 03 16:30:00 PST 2003	0	swingset: canceling InputDialog should not produce response
4674040	ASSIGNED	3		swingx	norris	0	docs	G Allen	PATCH	Wed Apr 24 15:20:00 PDT 2002	0	JComponent exposes internal Dimension data with setPreferredSize() and friends
4711996	ASSIGNED	3		website	victor	0	tests	Q Lewis	PATCH	Tue Jul 09 04:16:00 PDT 2002	0	IllegalArgumentException when updating color chooser ui
4760481	ASSIGNED	4		binding	hatch	0	i18n	J Oliver	BUG	Wed Oct 09 10:30:00 PDT 2002	2	DefaultTreeCellRenderer icons and colors aren't updated in updateUI()
4861969	ASSIGNED	4		demos	baker	0	docs	P Lewis	PATCH	Fri May 09 16:59:00 PDT 2003	1	JSplitPane within another disabled JSplitPane does not display cursor
4783068	CLOSED	5	FIXED	swingx	norris	811479132	code	C Allen	PATCH	Thu Nov 21 19:14:00 PST 2002	4	Components with HTML text should gray out the text when disabled
4760102	RESOLVED	4	FIXED	jdnc	myers	0	code	X Ryan	BUG	Tue Oct 08 18:00:00 PDT 2002	0	Request JFileChooser allow dislay of files but selection only of directories
4488581	ASSIGNED	4		binding	baker	0	code	F Fisher	BUG	Mon Aug 06 11:50:00 PDT 2001	1	JPopupMenu.setVisible throws NullPointerException
4621323	ASSIGNED	4		swingx	green	0	i18n	B Jones	FEATURE	Wed Jan 09 13:41:00 PST 2002	0	Some Swing "constants" aren't constant
4195955	CLOSED	4	FIXED	swingx	smith	0	code	N Yancy	BUG	Tue Dec 08 18:07:00 PST 1998	2	FileChooser needs to react to Exceptions thrown by alternate FileSystem(View)
4867005	ASSIGNED	3		website	myers	0	i18n	K Cooper	FEATURE	Tue May 20 16:01:00 PDT 2003	3	When removing a JPanel, child JButton gets a FOCUS_GAINED
4449362	CLOSED	4	DUPLICATE	binding	evans	0	i18n	I Cooper	FEATURE	Mon Apr 23 00:53:00 PDT 2001	0	Box doesn't support ComponentOrientation
4837807	CLOSED	3	FIXED	website	baker	434925387	docs	C Queen	BUG	Wed Mar 26 01:23:00 PST 2003	0	JCK1.4a api/javax_swing/interactive/JFileChooserTests.html#JFileChooser fails
4279934	ASSIGNED	4		demos	fisher	0	docs	E Ryan	PATCH	Mon Oct 11 09:55:00 PDT 1999	0	Add alt. form of  InputVerifier.shouldYieldFocus() with "to" comp as 2nd param
4354925	ASSIGNED	4		website	evans	0	data	D Evans	PATCH	Thu Jul 20 11:49:00 PDT 2000	0	JMenu/JMenuItem UI (JLF/Metal) does not comply with JLF specification
4769773	RESOLVED	4	FIXED	binding	yancy	0	tests	Z Hatch	BUG	Mon Oct 28 11:04:00 PST 2002	1	JInternalFrame.setMaximum(true) before adding it to JDesktopPane causes NPE
4108708	ASSIGNED	4		swingx	allen	0	docs	N Wilson	FEATURE	Mon Feb 02 11:12:00 PST 1998	5	ImageIcon(...) is incredibly slow
4871413	CLOSED	4	FIXED	swingx	allen	0	data	B Usher	FEATURE	Thu May 29 14:56:00 PDT 2003	0	ToolTipManager.setEnabled(...) doc. refers to unknown tooltip
4311629	ASSIGNED	4		swingx	wilson	0	docs	F Davis	PATCH	Thu Feb 10 00:59:00 PST 2000	1	Text components should allow for contextual component orientation
4291881	ASSIGNED	4		jdnc	myers	1297055370	i18n	C Lewis	PATCH	Tue Nov 16 10:23:00 PST 1999	2	Add JInternalDialog, and add public 'setModal' method to JIntrnlFrame
4785269	RESOLVED	4	FIXED	binding	myers	0	docs	Z Oliver	BUG	Tue Nov 26 16:40:00 PST 2002	1	JFileChooser filter problem when using wildcards
