4127936	4	5	null	Fri Apr 10 14:12:00 PDT 1998	27	JTable Horizontal Scrollbar doesn't work	committed
4833667	4	4	joutwate	Mon Mar 17 15:32:00 PST 2003	0	Deiconizing a JInternalFrame with double-click moves focus	evaluated
4419748	4	3	sdv@sparc.spb.su	Tue Feb 27 17:47:00 PST 2001	5	JEditorPane CSS not supporting borders properly	evaluated
4851246	4	4	joutwate	Sun Apr 20 23:25:00 PDT 2003	0	RFE: Potential speed improvement in JProgressBar	evaluated
4765280	4	5	shannonh	Fri Oct 18 11:55:00 PDT 2002	0	RFE: Cannot drag out of a JFileChooser without first selecting a file	accepted
4501166	4	4	kyuka	Sun Sep 09 21:48:00 PDT 2001	1	Win32: JFileChooser doesn't display drives/volumes correctly in RtoL	accepted
4845362	4	5	zpm@sparc.spb.su	Tue Apr 08 18:44:00 PDT 2003	0	HTML renderer fails on empty cellpadding value and chars before title tag	evaluated
4846388	3	3	bchristi	Thu Apr 10 11:09:00 PDT 2003	1	XP JFileChooser shows gray smudge for "create folder" icon	committed
4230443	4	5	kyuka	Fri Apr 16 13:17:00 PDT 1999	1	ComponentOrientation has no effect on editable JComboBox	accepted
4660820	4	3	dalem	Mon Apr 01 00:24:00 PST 2002	0	JList does not show visual focus with initial Tab	accepted
4263904	4	5	idk	Thu Aug 19 10:41:00 PDT 1999	181	JTextPane:  Paragraphs with Justified Attributes Appear Centered	evaluated
4865510	4	4	leif	Fri May 16 00:29:00 PDT 2003	0	Win L&F: JFileChooser:  keyboard navigation is different	evaluated
4826791	4	5	leif	Mon Mar 03 21:22:00 PST 2003	0	Large font sizes not used in filedialog	committed
4673852	4	3	naa@sparc.spb.su	Wed Apr 24 11:31:00 PDT 2002	1	Entering HTML hard-break in JEditorPane does not update cursor correctly	accepted
4850101	4	4	shannonh	Thu Apr 17 10:49:00 PDT 2003	0	Setting mnemonic to VK_F4 underlines the letter S in a button.	accepted
4776306	3	2	davidson@eng	Fri Nov 08 00:52:00 PST 2002	0	property change-notification should lazily construct copies of properties	committed
4406437	4	5	shannonh	Fri Jan 19 15:17:00 PST 2001	0	JEditorPane.getEditorKit() should call kit.install()	evaluated
4838135	4	4	davidson@eng	Wed Mar 26 14:06:00 PST 2003	0	Request javax.swing.Action.MNEMONIC_INDEX_KEY	committed
4837565	4	3	shannonh	Tue Mar 25 17:15:00 PST 2003	0	Selection error by an empty JTable	accepted
4853944	3	3	idk	Thu Apr 24 21:25:00 PDT 2003	1	Images disappear in JEditorPane w/HTML	evaluated
4766050	4	4	leif	Mon Oct 21 00:14:00 PDT 2002	0	Look&Feel :  Cannot select the other mode after selecting Windows.	evaluated
4231307	4	5	joutwate	Tue Apr 20 14:00:00 PDT 1999	3	JTabbedPane switching panel focus	evaluated
4559032	4	4	leif	Fri Dec 07 15:38:00 PST 2001	0	JFileChooser does not refresh directory listing when typing F5	evaluated
4765276	4	4	joutwate	Fri Oct 18 11:53:00 PDT 2002	0	Keystroke lost after displaying dialog from InputVerifier	accepted
4672878	4	4	sdv@sparc.spb.su	Tue Apr 23 04:00:00 PDT 2002	0	Difference's found in t-bullets.PNG in AutoWeevil.	evaluated
4833517	2	2	leif	Mon Mar 17 11:37:00 PST 2003	0	GTK L&F: Support for general Metacity skins in XML	committed
4758890	3	3	leif	Mon Oct 07 10:32:00 PDT 2002	1	REGRESSION: Focus not painted in JToolBar with Windows PLAF	evaluated
4781707	4	3	leif	Wed Nov 20 05:33:00 PST 2002	0	JFileChooser must contain goto last folder option	evaluated
4748359	4	4	shannonh	Mon Sep 16 19:58:00 PDT 2002	3	Click in JTableHeader cancels Cell Editor changes	evaluated
4825182	4	4	joutwate	Thu Feb 27 14:17:00 PST 2003	0	DefaultBoundedRangeModel.setMinimum() changes extent unnecessarily	evaluated
4126679	4	5	zpm@sparc.spb.su	Tue Apr 07 16:31:00 PDT 1998	2	JRadioButtons with Icons don't size themselves correctly.	evaluated
4417096	4	5	joutwate	Tue Feb 20 14:24:00 PST 2001	1	JSlider: add label components to containment hierarchy	evaluated
4822403	5	5	sky	Fri Feb 21 17:34:00 PST 2003	0	RFE: Look and Feel classes are poorly designed and hostile to subclassing	accepted
4295357	4	4	naoto	Tue Nov 30 05:50:00 PST 1999	0	RTL only implicit, left aligned JTExtPane does not change text alignment	accepted
4855256	4	5	sky	Mon Apr 28 17:55:00 PDT 2003	0	RFE: JTree does not handle renaming its UserObject as well as other things	accepted
4365538	4	1	null	Thu Aug 24 13:15:00 PDT 2000	1	Use of deprecated Date constructor in JTable	evaluated
4870636	5	5	joutwate	Wed May 28 11:08:00 PDT 2003	0	RFE: Option to have close(x) button on JTabbedPane	evaluated
4781716	3	2	leif	Wed Nov 20 05:56:00 PST 2002	0	JFileChooser must respond as usual to floppy drive selection	committed
4781696	4	3	joutwate	Wed Nov 20 05:10:00 PST 2002	0	XP L&F: Scroll bars do not change color on mouse over	evaluated
4144344	4	4	sky	Mon Jun 01 08:46:00 PDT 1998	0	DefaultTreeCellEditor TextField should grow, in width, as necessary	evaluated
4130798	4	5	shannonh	Mon Apr 20 15:24:00 PDT 1998	0	MotifRadioButtonUI: paintFocus() method needs more careful logic	evaluated
4515236	4	3	dalem	Tue Oct 16 00:16:00 PDT 2001	4	DefaultTableColumnModel causes OOB exception when header row event triggered	accepted
4765253	4	4	shannonh	Fri Oct 18 11:34:00 PDT 2002	0	Method javax.swwing.JLabel.getPreferredSize() return wrong value!	evaluated
4532590	4	4	zpm@sparc.spb.su	Wed Nov 28 17:25:00 PST 2001	12	JTextPane jTextPane.setHighlighter(null) doesn't disable highlighter.	accepted
4840405	5	5	joutwate	Mon Mar 31 17:44:00 PST 2003	0	JInternalFrame does not animate maximize/minimize in Windows L&F	evaluated
4724077	4	3	idk	Wed Jul 31 16:54:00 PDT 2002	2	Problems with text where visual content doesn't start at model position 0	accepted
4327306	4	5	leif	Mon Apr 03 13:42:00 PDT 2000	1	JFileChooser.setToolTipText() only partially effective	accepted
4699955	4	3	sky	Mon Jun 10 15:33:00 PDT 2002	2	JSpinner focusGained(...) listener does not allow selectAll functionality	committed
4844444	4	4	shannonh	Mon Apr 07 15:08:00 PDT 2003	1	Bluecurve theme is named Wonderland in some distributions	committed
4230387	4	2	kyuka	Fri Apr 16 11:25:00 PDT 1999	1	RFE: JProgressBar does not create international percent done strings	evaluated
4788785	4	5	shannonh	Wed Dec 04 18:00:00 PST 2002	0	OverlayLayout refuses to put a JPanel over a JSplitpane	accepted
4871085	4	3	leif	Thu May 29 01:44:00 PDT 2003	0	Tooltip for JInternalFrame behaves incorrectly	dispatched
4713475	4	4	sky	Thu Jul 11 11:11:00 PDT 2002	0	KeyListener pieces of BasicListUI should be made public or protected	accepted
4286743	4	5	sky	Mon Nov 01 00:56:00 PST 1999	2	Allow JScrollPane to setEnable(false)	evaluated
4712086	4	5	leif	Tue Jul 09 09:06:00 PDT 2002	0	JFileChooser: Home button inconsistencies in Metal Look and Feel	evaluated
4304521	4	5	idk	Thu Jan 13 09:56:00 PST 2000	11	Document with TabStop Attributes not written correctly into RTF File	accepted
4164958	4	5	idk	Mon Aug 10 06:41:00 PDT 1998	1	StyledEditorKit, RTFEditorKit and HTMLEditor missing fields	evaluated
4869033	4	5	joutwate	Fri May 23 00:14:00 PDT 2003	0	GTK L&F: Radio buttons don't look like native	incomplete
4419012	4	5	leif	Mon Feb 26 00:22:00 PST 2001	0	JToolBar buttons should have requestFocusEnabled = false	evaluated
4683301	4	3	zav@sparc.spb.su	Fri May 10 15:09:00 PDT 2002	0	BasicPopupMenuUI should use AWTEventListener vs MouseListeners on all components	accepted
4724001	4	3	joutwate	Wed Jul 31 15:19:00 PDT 2002	0	The private class Page in JTabbedPane prevents extendability	accepted
4297788	4	5	naoto	Wed Dec 08 10:35:00 PST 1999	3	Cursor loops in JTextArea when editing English text in RTL mode and vice versa	evaluated
4339222	4	5	null	Thu May 18 00:50:00 PDT 2000	0	System.out.println throws NullPointerException when toString() returns null	evaluated
4254546	4	5	null	Thu Jul 15 17:19:00 PDT 1999	0	Bizarre behavior when firing JTable update with bad values.	evaluated
4692565	4	3	moa@sparc.spb.su	Tue May 28 15:23:00 PDT 2002	0	TabbedPaneScrollLayout is private	accepted
4844479	5	5	sky	Mon Apr 07 15:52:00 PDT 2003	0	RFE: LinkLabel, similar to Label except it can display a hyperlink	accepted
4759422	4	5	shannonh	Mon Oct 07 20:35:00 PDT 2002	0	RFE: The anchor should not be the same as the focus in a JTable	accepted
4799354	4	3	shannonh	Mon Jan 06 16:15:00 PST 2003	0	In JLabel, etc., setText does not update properly with HTML object tag	accepted
4760448	4	3	leif	Wed Oct 09 10:11:00 PDT 2002	2	MetalFileChooserUI should allow user to bypass ShellFolder methods	accepted
4871450	3	3	zav@sparc.spb.su	Thu May 29 15:40:00 PDT 2003	0	Toggling of mnemonics visibility state inconsistent on WinXP platforms	dispatched
4870112	4	3	zav@sparc.spb.su	Tue May 27 14:44:00 PDT 2003	0	JMenu is not extensible	dispatched
4425358	4	5	naa@sparc.spb.su	Tue Mar 13 19:17:00 PST 2001	3	Reopen 4214992: JTextField Always Right-Justifies Oversized Strings	accepted
4139692	4	5	joutwate	Mon May 18 16:44:00 PDT 1998	245	JOptionPane.showInternalMessageDialog() does not create a modal dialog	accepted
4723745	3	4	leif	Wed Jul 31 11:56:00 PDT 2002	2	1.4 REGRESSION: Metal & Windows FileChooserUI classes cannot be used without She	committed
4769783	4	4	sky	Mon Oct 28 11:11:00 PST 2002	0	Adding a mouselistener to JScrollPanes viewport causes the pane to lose tooltip	evaluated
4807159	4	5	sky	Thu Jan 23 00:02:00 PST 2003	0	RFE: Bad implementation of constructor FontUIResource(Font font)	accepted
4869098	5	5	sky	Fri May 23 13:57:00 PDT 2003	0	GTK L&F:  ColorChooser: Field/Spin Boxes Larger than platform version	accepted
4859197	4	3	bchristi	Tue May 06 14:16:00 PDT 2003	1	JFileChooser (WLF) line spacing too large in detailed view	evaluated
4759090	4	4	joutwate	Mon Oct 07 14:29:00 PDT 2002	0	RFE: Ability for Non-Standard JSlider tick placement	accepted
4325865	4	4	naoto	Tue Mar 28 23:54:00 PST 2000	0	Motif LAF, Cursor does not change direction when leaving RTL into LTR and vice v	accepted
4179560	4	3	shannonh	Wed Oct 07 13:16:00 PDT 1998	2	AbstractButton.setVerticalTextPosition mispositions text.	evaluated
4722419	4	3	sky	Mon Jul 29 15:22:00 PDT 2002	0	MaskFormatter should provide a minimum match length	accepted
4801292	4	4	sky	Thu Jan 09 18:36:00 PST 2003	0	Repainting errors in AbstractColorChooserPanel.updateChooser()	committed
4203912	4	5	idk	Mon Jan 18 17:22:00 PST 1999	88	JTextArea uses too much memory (if large byte array passed to cto=	evaluated
4386259	4	4	null	Mon Nov 06 05:05:00 PST 2000	2	JList, Spacebar functionality to select and deselect JList items is broken	accepted
4510854	4	4	leif	Thu Oct 04 10:33:00 PDT 2001	0	JColorChooser demo(SwingSet2) not getting painted well on WindowsXP platform.	evaluated
4548788	5	3	sky	Wed Dec 05 10:26:00 PST 2001	1	JTree should toggle for all even-numbered clicks	evaluated
4624483	4	3	shannonh	Wed Jan 16 08:52:00 PST 2002	10	JTable incorrectly consumes Esc key	committed
4760407	4	5	idk	Wed Oct 09 09:38:00 PDT 2002	0	WrappedPlainView should have selectors for (un)selected color	committed
4811073	4	3	sky	Thu Jan 30 20:34:00 PST 2003	0	GTK L&F quality	evaluated
4410888	4	5	leif	Thu Feb 01 00:45:00 PST 2001	0	TitledBorder spacing gaps should be adjustable (Bug and RFE)	evaluated
4623272	5	5	joutwate	Mon Jan 14 11:38:00 PST 2002	0	RFE: JTabbedPane: provide popup menu when scrollable tabs aren't shown.	accepted
4788378	4	5	sky	Wed Dec 04 10:09:00 PST 2002	0	JFormattedTextField should allow multiple formats to match	accepted
4428752	4	2	sky	Wed Mar 21 19:58:00 PST 2001	0	Apple Aqua: Need drawing bounds independent of layout bounds (outsets)	evaluated
4269592	4	2	naoto	Tue Sep 07 16:54:00 PDT 1999	0	SwingSet: Unexpected results when entering text with Right to Left Orientation	accepted
4288630	4	3	zpm@sparc.spb.su	Fri Nov 05 16:48:00 PST 1999	0	tooltip on tabbed panel prevents clicking on tab	accepted
4835498	5	5	bchristi	Thu Mar 20 15:01:00 PST 2003	0	JFileChooser/WinL&F:"My Computer" sidebar button should become deselected	accepted
4855121	3	3	leif	Mon Apr 28 15:21:00 PDT 2003	0	XP L&F: Table Header does not have rollover effect	committed
4835466	5	5	bchristi	Thu Mar 20 14:30:00 PST 2003	0	JFileChooser/Windows L&F: border drawn differently when renaming a file	accepted
4808567	3	5	sky	Mon Jan 27 10:45:00 PST 2003	2	RFE: Swing Windows L&F should honour desktop font smoothing settings.	committed
4614616	4	4	dalem	Mon Dec 17 11:55:00 PST 2001	1	Overriding getColumnClass in DefaultTableModel causes Exc if it return interface	accepted
4615411	4	3	joutwate	Tue Dec 18 00:58:00 PST 2001	4	REGRESSION: JOptionPane.showConfirmDialog has wrong focus	accepted
4424160	4	5	leif	Fri Mar 09 18:36:00 PST 2001	0	Floating toolbar unduly re-docked on uninstallUI	evaluated
4307597	4	4	leif	Thu Jan 27 02:56:00 PST 2000	9	Kestrel,FileChooser Warning Msg."No Disk In Drive" is not available in Win98/95	accepted
4865918	3	3	aep@sparc.spb.su	Mon May 19 02:09:00 PDT 2003	0	REGRESSION: JCK1.4a-runtime api/javax_swing/interactive/JScrollBarTests.html#JSc	evaluated
4741029	4	4	shannonh	Tue Sep 03 16:50:00 PDT 2002	0	JTable: <TAB> doesn't move the focus to all columns of selected region	evaluated
4532517	4	5	joutwate	Wed Nov 28 15:53:00 PST 2001	26	shouldYieldFocus does not allow side effects in 1.4	committed
4798817	4	3	leif	Fri Jan 03 14:48:00 PST 2003	0	"My Documents" button is always selected when opening a JFileChooser in Win2K	evaluated
4825416	4	5	leif	Thu Feb 27 21:53:00 PST 2003	0	XP L&F: JToolBar grip is not centered	evaluated
4804485	4	4	kyuka	Thu Jan 16 15:41:00 PST 2003	1	TableColumnModel getColumnIndexAtX wrong value in RIGHT_TO_LEFT orientation	committed
4760053	4	4	shannonh	Tue Oct 08 17:09:00 PDT 2002	1	(MANDRAKE 8.1) Clipboard data provided in wrong format	accepted
4664642	4	4	leif	Mon Apr 08 15:25:00 PDT 2002	0	JToolBar should have the ability to allow them to only DOCK on certain sides	accepted
4867054	4	4	leif	Tue May 20 16:45:00 PDT 2003	0	Not following Windows XP style in Swing components	committed
4358053	5	5	joutwate	Mon Jul 31 16:46:00 PDT 2000	2	new ImageIcon(null,"someDescription") causes the image fetching thread to fail	evaluated
4729632	4	5	idk	Fri Aug 09 17:26:00 PDT 2002	0	RFE: Make javax.swing.text.html.FrameView public	accepted
4735839	4	3	idk	Thu Aug 22 19:44:00 PDT 2002	2	RTFEditorKit wrongly parses RTF while reading /writing  to stream/document	committed
4839739	3	2	idk	Fri Mar 28 18:45:00 PST 2003	0	JEditorPane has 508 problems if there are comments in the HTML	evaluated
4337584	4	4	leif	Thu May 11 15:45:00 PDT 2000	4	general problems with JFileChooser and rfe's	evaluated
4742686	4	4	leif	Thu Sep 05 17:32:00 PDT 2002	4	1.4 REGRESSION: WindowsLookAndFeel not using control property	evaluated
4428370	4	5	zav@sparc.spb.su	Wed Mar 21 00:15:00 PST 2001	0	Problem using JMenu/JMenuItem's with Icon only	evaluated
4799305	5	4	naa@sparc.spb.su	Mon Jan 06 15:03:00 PST 2003	1	RFE: Decouple selection from cursor behaviour in javax.swing.text	committed
4815339	4	3	kyuka	Fri Feb 07 17:40:00 PST 2003	0	JComboBox drop-down list orientation is changed after the L&F is changed	committed
4515838	4	3	zav@sparc.spb.su	Wed Oct 17 00:44:00 PDT 2001	0	Can't change the border of a JComboBox	committed
4751229	4	3	idk	Fri Sep 20 18:03:00 PDT 2002	3	Iterator returned by HTMLDocument.getIterator() is incorrectly empty	accepted
4133790	4	5	shannonh	Wed Apr 29 18:27:00 PDT 1998	0	Motif L+F JCheckBoxMenuItems don't align the text properly	evaluated
4765387	5	5	naa@sparc.spb.su	Fri Oct 18 13:16:00 PDT 2002	1	Unexpected behaviour of HTMLEditorKit Class	evaluated
4173836	4	5	zav@sparc.spb.su	Tue Sep 15 11:57:00 PDT 1998	7	RFE: setListData in JComboBox	committed
4628023	4	4	sky	Thu Jan 24 00:26:00 PST 2002	1	Make treeNodesChanged indicate children may have been reordered	accepted
4545951	4	3	joutwate	Mon Dec 03 14:22:00 PST 2001	4	JOptionPane.showMessageDialog does not size dialog properly	accepted
4733552	4	4	joutwate	Mon Aug 19 15:01:00 PDT 2002	0	JScrollBar fires event for both mouse down and mouse up	evaluated
4393423	3	5	shannonh	Wed Nov 29 00:01:00 PST 2000	11	JTable.getSelectedRow incorrect with empty table, after ENTER is pressed.	committed
4344938	4	5	leif	Mon Jun 12 14:44:00 PDT 2000	0	Badly named classes	accepted
4496323	4	4	zav@sparc.spb.su	Fri Aug 24 15:00:00 PDT 2001	0	Metal L&F does not handle changing of JMenuBar objects	accepted
4684090	4	3	shannonh	Mon May 13 13:36:00 PDT 2002	10	Tab on editable JComboBox inside JTable transfers focus outside JTable	accepted
4310381	4	4	moa@sparc.spb.su	Sun Feb 06 18:51:00 PST 2000	1	Text in multi-row/col JTabbedPane tabs can be truncated/clipped	committed
4865506	4	4	leif	Fri May 16 00:27:00 PDT 2003	0	Win L&F: JFileChooser:  Java version does not have go back (history) button	evaluated
4465516	4	5	sky	Sun Jun 03 16:16:00 PDT 2001	4	Need to suppress clipped text behavior	evaluated
4424571	4	5	joutwate	Mon Mar 12 13:27:00 PST 2001	0	JTable highlights incorrect row when using input verfier	accepted
4696827	5	5	sky	Tue Jun 04 08:53:00 PDT 2002	0	Investigate adding ComponentUI.getXXXSize(JComponent, Dimension)	accepted
4870644	3	3	zav@sparc.spb.su	Wed May 28 11:15:00 PDT 2003	0	Default button responds to CTRL-ENTER while popup menu is active.	accepted
4505116	5	5	sky	Thu Sep 20 10:57:00 PDT 2001	0	SpringLayout default behavior	evaluated
4865853	3	3	leif	Sun May 18 13:38:00 PDT 2003	0	JInternalFrame title bar does not scale to or ignore titleFont size with XP L&F	committed
4851758	4	5	idk	Mon Apr 21 20:16:00 PDT 2003	0	Uneditable text components should inherit their parent's cursor.	evaluated
4765334	4	5	joutwate	Fri Oct 18 00:33:00 PDT 2002	0	Desktop Icon for JInternalFrame goes behind an existing icon	accepted
4870674	4	5	aep@sparc.spb.su	Wed May 28 11:50:00 PDT 2003	0	JSplitPane's one-touch buttons should deal with resized split panes better	dispatched
4423439	4	5	leif	Thu Mar 08 14:03:00 PST 2001	8	JFileChooser - can't change the language other than the OS language	accepted
4765327	5	5	sky	Fri Oct 18 00:28:00 PDT 2002	1	RFE: There should be a isSingleSelectionEvent(MouseEvent) in BasicTreeUI	accepted
4735546	3	3	shannonh	Thu Aug 22 13:00:00 PDT 2002	0	NPE in BasicTableUI during Swing drag and drop	evaluated
4861977	4	5	joutwate	Fri May 09 17:10:00 PDT 2003	2	JOptionPane.showInternalConfirmDialog does not respect the JDesktopPane viewport	evaluated
4809958	4	4	zav@sparc.spb.su	Wed Jan 29 10:08:00 PST 2003	0	REGRESSION:overlappedByOwnedWindow() fails to check if windows are visible	committed
4649181	3	3	joutwate	Thu Mar 07 16:13:00 PST 2002	4	JFrames and JDialogs do not raise or resize properly in Linux	committed
4458089	4	5	shannonh	Sun May 13 18:29:00 PDT 2001	5	JOptionPane.setFont() does not affect font used by its message and buttons	accepted
4836420	5	5	naa@sparc.spb.su	Sun Mar 23 19:03:00 PST 2003	0	demo/jfc/Stylepad text properties should be 2-state controls	accepted
4844503	5	5	zav@sparc.spb.su	Mon Apr 07 16:23:00 PDT 2003	0	Swingset2: LAF reported incorrectly if changed using popup menu	evaluated
4390321	4	3	leif	Fri Nov 17 08:52:00 PST 2000	0	JFileChooser.setSelectedFile(File) method throws NPE	committed
4487493	4	4	leif	Thu Aug 02 00:05:00 PDT 2001	0	Merlinb73:FileChsrDemo:Folder icon Label inconsistent with Win2K native filedial	evaluated
4848156	4	5	idk	Mon Apr 14 15:35:00 PDT 2003	0	VerticalPageAction does not use Scrollable.getScrollableBlockIncrement()	evaluated
4724980	3	3	shannonh	Thu Aug 01 17:08:00 PDT 2002	14	JTable: Add API to control what happens to edits when table loses focus.	evaluated
4469061	4	3	null	Tue Jun 12 16:59:00 PDT 2001	0	TableColumnModel selection model and notification	accepted
4521993	4	4	idk	Thu Nov 01 13:50:00 PST 2001	2	JEditorPane will not allow pasting directly into a HTML Table cell	accepted
4860722	4	5	leif	Thu May 08 15:15:00 PDT 2003	0	Win L&F: Does not have resize graphic on bottom RH corner	accepted
4836162	4	4	naa@sparc.spb.su	Fri Mar 21 15:32:00 PST 2003	0	Selection and Caret are drawn incorrectly when JTextField is Scaled	accepted
4626900	4	3	idk	Tue Jan 22 17:12:00 PST 2002	1	StrikeThrough attribute not generated in document	accepted
4799266	3	3	zav@sparc.spb.su	Mon Jan 06 14:15:00 PST 2003	5	REGRESSION: JComboBox doesn't work in JPopupMenu	evaluated
4767071	4	5	leif	Tue Oct 22 19:02:00 PDT 2002	0	No Autocomplete for JFileChooser file selection using keyboard	evaluated
4760436	4	5	shannonh	Wed Oct 09 10:05:00 PDT 2002	0	ButtonGroup.getSelection() does not return a user-known ButtonModel.	evaluated
4409239	4	5	null	Mon Jan 29 11:34:00 PST 2001	8	Printing in JTable clips cell contents	accepted
4856343	3	3	idk	Wed Apr 30 10:31:00 PDT 2003	0	Problem with applet interaction with system selection clipboard	evaluated
4130825	5	4	joutwate	Mon Apr 20 15:51:00 PDT 1998	12	Cascade and Tile functionality missing from JDesktopPane	evaluated
4634626	4	5	zav@sparc.spb.su	Thu Feb 07 05:16:00 PST 2002	8	Implement context popup menus for components	committed
4105948	4	5	joutwate	Thu Jan 22 10:46:00 PST 1998	9	JOptionPane REALLY Needs Conditional Dismissal	evaluated
4847362	4	3	leif	Fri Apr 11 14:51:00 PDT 2003	0	Windows XP style L&F can paint two buttons as "rollover"	committed
4347815	4	5	null	Fri Jun 23 00:31:00 PDT 2000	21	JTable.setCellSelectionEnabled(boolean) implementation bug	committed
4765240	3	3	zpm@sparc.spb.su	Fri Oct 18 11:23:00 PDT 2002	2	Cannot paste from MS-Word into HTMLEditorKit	evaluated
4337898	4	5	null	Fri May 12 14:51:00 PDT 2000	0	Serializing DefaultTableCellRenderer changes colors.	accepted
4759922	3	3	kve@sparc.spb.su	Tue Oct 08 14:48:00 PDT 2002	0	JFileChooser.rescanCurrentDirectory() crashes with an AIOBE	committed
4834298	4	5	leif	Tue Mar 18 15:15:00 PST 2003	0	JFileChooser.getSelectedFiles() failed with multi-selection and double-click	evaluated
4760088	4	5	sky	Tue Oct 08 17:43:00 PDT 2002	0	JSpinner(or it's editor) does not fire KeyEvent	accepted
4322989	4	5	leif	Fri Mar 17 15:53:00 PST 2000	3	Need Directory Chooser dialog	evaluated
4846692	5	5	kve@sparc.spb.su	Thu Apr 10 15:49:00 PDT 2003	1	Problem displaying text of JOptionPane with Solaris 8 and OpenWindows Desktop	evaluated
4424708	4	4	naa@sparc.spb.su	Mon Mar 12 16:00:00 PST 2001	9	JPasswordField cursor placed incorrectly after setText("")	evaluated
4819695	3	2	zav@sparc.spb.su	Tue Feb 18 01:41:00 PST 2003	0	Regression javax/swing/JPopupMenu/PopupTest/PopupTester.java is failing	evaluated
4192122	4	5	shannonh	Mon Nov 23 05:55:00 PST 1998	1	Bottom of focus outline not drawn with Empty Border	evaluated
4791070	4	3	kyuka	Mon Dec 09 19:02:00 PST 2002	0	ComponentOrientation:JOptionPane's focus traversal does not respect RTL.	committed
4490754	4	4	shannonh	Fri Aug 10 00:44:00 PDT 2001	6	RFE: JTextField doesn't contain getActionCommand (only setActionCommand)	evaluated
4820833	4	4	shannonh	Wed Feb 19 15:21:00 PST 2003	0	JTable: Selection anchor (and lead) not updated when inserting or deleting rows.	accepted
4760478	5	5	kve@sparc.spb.su	Wed Oct 09 10:29:00 PDT 2002	0	JColorChooser construction is slow	accepted
4478765	5	5	sky	Wed Jul 11 14:34:00 PDT 2001	1	EOU:   Make subclassing JViewport easier	accepted
4503727	4	4	zav@sparc.spb.su	Mon Sep 17 15:05:00 PDT 2001	8	RFE Use of Scroll carets on JMenu when they span beyond the depth of the screen	evaluated
4841767	5	5	idk	Wed Apr 02 15:06:00 PST 2003	1	Copy and Paste in JTextArea for unsigned Applet	accepted
4871404	4	4	sky	Thu May 29 14:50:00 PDT 2003	0	Swing JTable key bindings seem wrong (incomplete)	accepted
4132585	5	5	zpm@sparc.spb.su	Fri Apr 24 17:51:00 PDT 1998	0	JButtons have ugly Frames when changing Background	evaluated
4510123	3	2	zpm@sparc.spb.su	Tue Oct 02 20:50:00 PDT 2001	0	JTextArea.setWrapStyleWord() cannot handle the composed string properly	evaluated
4232637	4	3	joutwate	Fri Apr 23 17:43:00 PDT 1999	1	Can not use requestDefaultFocus with CardLayout JPanel to set a focus	accepted
4140209	4	5	joutwate	Tue May 19 17:31:00 PDT 1998	1	Regarding Swing Demo as an applet. Applet does not have the focus at start up.	evaluated
4768338	4	3	zav@sparc.spb.su	Thu Oct 24 00:51:00 PDT 2002	0	Height of JMenuBar not adjusted when wrapping occurs	committed
4454866	4	5	joutwate	Fri May 04 17:22:00 PDT 2001	0	internal frames leave garbage behind when dragged over edge in multimon (win32)	evaluated
4686138	3	2	sky	Thu May 16 00:44:00 PDT 2002	0	1.4 REGRESSION: Letter like (y,g) truncated in TableCellEditor, char '_' not vsb	committed
4322996	4	5	zav@sparc.spb.su	Fri Mar 17 16:08:00 PST 2000	3	Add BasicComboBoxEditor constructor that accepts a JTextField	evaluated
4133141	4	5	davidson@eng	Tue Apr 28 11:32:00 PDT 1998	26	Extend Action interface to handle toggles	committed
4807140	3	3	joutwate	Thu Jan 23 11:37:00 PST 2003	0	Bug ID:4221012 is not fixed for MotifLookAndFeel	committed
4765300	3	3	sky	Fri Oct 18 00:10:00 PDT 2002	5	Use of JSpinners w/JTables & losing focus doesn't commit, but is supposed to	committed
4765309	5	5	joutwate	Fri Oct 18 00:15:00 PDT 2002	0	JSlider.setForeground has no visible effect when L&F set to Windows	accepted
4401437	4	4	leif	Wed Jan 03 11:12:00 PST 2001	0	JFileChooser doesn't validate [characters in] filenames	accepted
4843244	4	3	sky	Fri Apr 04 15:03:00 PST 2003	3	GTK L&F : Galaxy engine is not supported	accepted
4676022	4	3	sky	Fri Apr 26 19:25:00 PDT 2002	1	commitEdit() on JFormattedTextField changes Value type	accepted
4768318	4	4	leif	Thu Oct 24 00:32:00 PDT 2002	1	JFileChooser.setApproveButtonMnemonic() doesn't work	evaluated
4853783	4	5	sky	Thu Apr 24 17:29:00 PDT 2003	0	SwingSet2 as an applet deadlocks on startup on Solaris	accepted
4305614	5	5	sky	Wed Jan 19 10:10:00 PST 2000	1	RepaintManager should maintain Window mapping too	evaluated
4687405	4	3	idk	Fri May 17 15:21:00 PDT 2002	0	HTMLDocument defaultRoot inserts extra paragraph tag	accepted
4449310	4	5	leif	Mon Apr 23 11:01:00 PDT 2001	0	Accelerator not displayed in HTML tool tip (Metal L&F)	evaluated
4421177	4	4	shannonh	Fri Mar 02 00:45:00 PST 2001	0	SwingSet2: JTable headers do not update with L&F change	accepted
4634555	4	1	shannonh	Thu Feb 07 00:52:00 PST 2002	0	Can't reorder or resize JTable columns from the keyboard	evaluated
4203754	4	5	joutwate	Sun Jan 17 19:36:00 PST 1999	0	Labels in a JSlider don't diable or enable with the slider	evaluated
4189224	4	5	null	Wed Nov 11 15:13:00 PST 1998	7	BoxLayout constructor - why it needs Container as parameter?	evaluated
4799919	5	4	moa@sparc.spb.su	Tue Jan 07 17:47:00 PST 2003	0	RFE: Make BasicTabbedPaneUI.requestFocusForVisibleComponent protected	committed
4850475	3	3	idk	Thu Apr 17 19:02:00 PDT 2003	1	REGRESSION: PlainDocument with textfield (i.e., custom maskfield) doesn't work	evaluated
4284162	4	3	sdv@sparc.spb.su	Fri Oct 22 17:28:00 PDT 1999	4	add support for the css text-indent attribute	evaluated
4869215	4	3	sky	Fri May 23 16:28:00 PDT 2003	0	GTK L&F:  Application Icons as well as stock icons need to respond to theme chan	accepted
4789491	3	2	sharonz	Thu Dec 05 16:57:00 PST 2002	0	JFileChooser, how to make it select directories?	committed
4154409	4	4	joutwate	Thu Jul 02 15:08:00 PDT 1998	0	Solaris: initial focus is not set to any focusable subcomponent.	evaluated
4860128	3	3	aep@sparc.spb.su	Wed May 07 18:38:00 PDT 2003	0	REGRESSION: JTree does not paint "focused" node correctly, yellow border missing	evaluated
4865499	4	4	leif	Fri May 16 00:24:00 PDT 2003	0	Win L&F: JFileChooser: Context Help not  consistent with XP	evaluated
4624680	5	5	sky	Wed Jan 16 14:14:00 PST 2002	0	Useless error reporting from UIDefaults.getUI and undoc'd null return	accepted
4818934	3	3	idk	Fri Feb 14 13:14:00 PST 2003	0	Excessive painting in text components when editing	evaluated
4870281	2	2	idk	Tue May 27 18:17:00 PDT 2003	0	nsk test nsk/stress/jck12a/jck12a017 hangs with tiger rt_baseline	accepted
4703711	4	4	shannonh	Tue Jun 18 04:10:00 PDT 2002	0	RFE: Need JOptionPane.WORKING_MESSAGE message type	evaluated
4839061	4	5	shannonh	Thu Mar 27 17:36:00 PST 2003	0	no JTable renderer support for primitive type wrappers	evaluated
4338140	4	5	null	Mon May 15 11:02:00 PDT 2000	2	DefaultListSelectionModel.insertIndexInterval() should update lead/anchorIndex.	evaluated
4288818	4	4	sherman@japan	Mon Nov 08 00:39:00 PST 1999	0	JEditorPane has strange characters in Chinese Windows 98	accepted
4521954	4	3	naa@sparc.spb.su	Thu Nov 01 00:55:00 PST 2001	0	Text selection via double click should optionally highlight trailing space	evaluated
4861684	4	3	sky	Fri May 09 11:49:00 PDT 2003	0	Using new release, my application turns strange colors.	incomplete
4408327	4	5	leif	Thu Jan 25 14:21:00 PST 2001	2	"Drive Empty" dialog not getting disposed on clicking "Ignore" or "Abort buttons	accepted
4260730	4	5	leif	Sat Aug 07 14:37:00 PDT 1999	0	MetalFileChooserUI can't override private createSingleClickListener	evaluated
4223515	4	4	shannonh	Wed Mar 24 09:51:00 PST 1999	0	Add subimage capability to ImageIcon to allow use of image sheets	evaluated
4222821	4	4	joutwate	Mon Mar 22 18:01:00 PST 1999	11	Iconifying a JInternalFrame causes its GlassPane to lose state	accepted
4701238	3	3	naoto	Wed Jun 12 00:39:00 PDT 2002	25	REGRESSION: Bidirectional text not working in JTextComponents	committed
4694944	3	3	leif	Thu May 30 18:59:00 PDT 2002	14	1.4 REGRESSION: JFileChooser no longer works for virtual filesystems	committed
4765314	5	5	sky	Fri Oct 18 00:19:00 PDT 2002	1	JWindow behaves differently than JWindow	accepted
4854803	4	3	shannonh	Mon Apr 28 06:13:00 PDT 2003	0	Resize cursor shown all over the table header in some cases	accepted
4846272	4	5	leif	Thu Apr 10 07:38:00 PDT 2003	0	Focus lost from Windows LAF JFileChooser on changing to Windows HighContrast set	evaluated
4765286	4	5	sky	Fri Oct 18 11:59:00 PDT 2002	0	JTree keep on calling TreeModel.getChild()	accepted
4677184	4	4	zav@sparc.spb.su	Tue Apr 30 10:14:00 PDT 2002	0	RFE: JMenu.setMenuLocation(int x, int y) should accept Point arg	evaluated
4465792	4	4	null	Mon Jun 04 10:54:00 PDT 2001	0	javax.swing.JTable.isColumnSelected() does not throw IAE	accepted
4710695	4	5	zav@sparc.spb.su	Wed Jul 03 04:10:00 PDT 2002	1	JMenu focus listener change from 1.3 to 1.4	accepted
4811071	3	3	sky	Thu Jan 30 20:30:00 PST 2003	0	Gnome L&F / Windowmanager Support	committed
4158988	4	5	joutwate	Mon Jul 20 16:48:00 PDT 1998	25	2-click on upper left corner can't close JInternalFrame	evaluated
4860674	4	5	leif	Thu May 08 14:25:00 PDT 2003	0	XP L&F: Some components not updating correctly when switching theme	committed
4639981	4	5	sky	Tue Feb 19 16:42:00 PST 2002	0	Cannot set button as default until it has been added to root pane	accepted
4765379	5	5	shannonh	Fri Oct 18 13:11:00 PDT 2002	0	Lack of support for event generation from JTable cell selection	accepted
4692568	4	3	leif	Tue May 28 15:23:00 PDT 2002	0	The Cancel button on JFileChooser shouldn't have an access key Alt-C.	evaluated
4726740	4	5	kyuka	Tue Aug 06 00:04:00 PDT 2002	0	JTabbedPane(SCROLL_TAB_LAYOUT) doesn't work properly in right-to-left mode.	committed
4725009	3	3	shannonh	Thu Aug 01 17:42:00 PDT 2002	0	1.4.0 REGRESSION: Moving last column of JTable causes invalid selection events	committed
4795415	3	2	joutwate	Tue Dec 17 20:22:00 PST 2002	0	GTK+ L&F bugs uncovered with special BSOD test theme	committed
4622863	4	5	idk	Fri Jan 11 17:57:00 PST 2002	1	Improve performance of Swing HTML renderer	committed
4780662	4	4	kyuka	Mon Nov 18 15:17:00 PST 2002	0	Motif L&F:the image icon is on the left side of JOptionPane when the RTL is set	committed
4842577	5	5	leif	Thu Apr 03 16:25:00 PST 2003	0	JFileChooser does not immediately clear the file list upon change of directory	accepted
4765282	5	5	joutwate	Fri Oct 18 11:56:00 PDT 2002	1	Scrollbars for JScrollPane receive focus when used with JTextArea	accepted
4855133	3	3	leif	Mon Apr 28 15:29:00 PDT 2003	0	XP L&F: Checkbox should not be surrounded by dashed box with focus	incomplete
4337600	5	5	leif	Thu May 11 16:19:00 PDT 2000	0	JCheckBoxMenuItem Documentation for Key Assignments in Incomplete	evaluated
4812854	5	5	sky	Tue Feb 04 15:28:00 PST 2003	0	Image component for displaying/resizing images	accepted
4240860	4	4	zpm@sparc.spb.su	Mon May 24 19:09:00 PDT 1999	0	JToolBar.ActionChangedListener not persistant	accepted
4855867	4	5	idk	Tue Apr 29 15:43:00 PDT 2003	0	DefaultCaret does not use TransferHandler when exporting selected text	evaluated
4801246	4	4	sky	Thu Jan 09 17:37:00 PST 2003	2	JTree should fire selection change notice on mouse up	evaluated
4810151	3	3	leif	Wed Jan 29 14:54:00 PST 2003	0	JFileChooser details view uses wrong (possibly unreadable) text color	evaluated
4416811	4	5	zpm@sparc.spb.su	Mon Feb 19 17:02:00 PST 2001	1	getToolTipText(MouseEvent event) of JComboBox is never called	accepted
4484778	4	4	naa@sparc.spb.su	Thu Jul 26 00:16:00 PDT 2001	1	HTMLWriter fails to write out object tag correctly	accepted
4847375	4	4	bchristi	Fri Apr 11 15:05:00 PDT 2003	5	JFileChooser Create New Folder button is disabled incorrectly	committed
4708978	4	4	sky	Thu Jun 27 09:32:00 PDT 2002	0	Ability for parent Containers *Listeners to be notified even if event consumed	accepted
4841152	4	3	idk	Tue Apr 01 17:09:00 PST 2003	0	StyleConstants/JTextPane should support the Default alignment to support Locale	accepted
4298777	4	5	leif	Sun Dec 12 11:52:00 PST 1999	1	JFileChooser's behaviour on Win95 (win32)	accepted
4222508	4	3	davidson@eng	Mon Mar 22 09:19:00 PST 1999	1	JColorChooser ignores setEnabled() function call	accepted
4408424	4	5	null	Thu Jan 25 17:00:00 PST 2001	0	getLocation() and getLocationOnScreen() broken for JTableHeader children	accepted
4197909	4	3	shannonh	Wed Dec 16 10:01:00 PST 1998	1	Support drag selection of ranges in lists.	evaluated
4713930	4	5	shannonh	Fri Jul 12 02:59:00 PDT 2002	0	Swing: setMultiClickThreshhold issue, related to bug 4367718	evaluated
4835791	4	5	joutwate	Fri Mar 21 02:55:00 PST 2003	0	demo/jfc/SwingSet2  doesn't work as expected	evaluated
4870187	4	4	shannonh	Tue May 27 15:56:00 PDT 2003	0	RFE: customize JLabel text-truncation property	evaluated
4848179	4	5	idk	Mon Apr 14 16:00:00 PDT 2003	1	If all children are removed from javax.swing.text.View no new child can be added	evaluated
4813436	4	5	kwalrath	Wed Feb 05 00:01:00 PST 2003	1	JOptionPane.showOptionDialog does not return if "options" is JButton[]	evaluated
4311584	4	5	idk	Thu Feb 10 11:46:00 PST 2000	1	Scrolling on hsviewer using arrow keys is slow (2 - 3s until scrolling begins)	accepted
4492274	4	3	sdv@sparc.spb.su	Wed Aug 15 10:33:00 PDT 2001	6	JEditorPane.setPage(URL)-the URL treated as immutable object	evaluated
4154399	4	4	joutwate	Thu Jul 02 14:56:00 PDT 1998	5	Initial focus is not set to the "first" focusable component.	evaluated
4700643	4	3	null	Tue Jun 11 14:17:00 PDT 2002	6	JTable selection misbehaves when a row is inserted at position 0	accepted
4140481	4	5	shannonh	Wed May 20 00:38:00 PDT 1998	9	BoxLayout Not sizing or aligning correctly	committed
4625667	4	5	joutwate	Fri Jan 18 02:33:00 PST 2002	5	Strange FOCUS_GAINED event is sent to application	accepted
4403550	4	5	shannonh	Wed Jan 10 11:59:00 PST 2001	6	JTextField.setVisible(boolean b) does not work correctly.	evaluated
4809663	4	4	shannonh	Tue Jan 28 18:21:00 PST 2003	0	RFE: JOptionPane with Yes-Yes to all-No-No to all-Cancel	evaluated
4474804	4	4	joutwate	Tue Jun 26 14:35:00 PDT 2001	0	JInternalFrames size with both mouse buttons	evaluated
4686092	4	4	aep@sparc.spb.su	Wed May 15 20:37:00 PDT 2002	0	SwingSet2 Content Alignment feature not working in Hopper 1.4.1-B11	committed
4391936	4	4	null	Wed Nov 22 13:11:00 PST 2000	1	Swing's text measurement should not use Toolkit font metrics	accepted
4760482	4	4	joutwate	Wed Oct 09 10:31:00 PDT 2002	0	Maximized JInternalFrames in Windows LaF get bogus activated events	accepted
4769772	4	4	joutwate	Mon Oct 28 11:01:00 PST 2002	2	JInternalFrame.setIcon(true) before JDesktopPane.add(JIF) causes wrong state	evaluated
4761990	3	3	naa@sparc.spb.su	Fri Oct 11 00:00:00 PDT 2002	4	1.4 REGRESSION: Highlighting Color Behavior has changed	committed
4231737	4	5	shannonh	Wed Apr 21 00:56:00 PDT 1999	0	JDialogs not placed correctly when invoked from JPopups	accepted
4774166	4	3	joutwate	Tue Nov 05 14:52:00 PST 2002	0	InputVerifier not called after a window loses then regains focus	committed
4790683	4	4	idk	Mon Dec 09 11:11:00 PST 2002	1	JPasswordField should have a char[] constructor	committed
4592902	4	4	leif	Tue Dec 11 10:41:00 PST 2001	0	tooltips do not immediately hide when moving out of window	accepted
4442981	4	3	kve@sparc.spb.su	Thu Apr 12 17:38:00 PDT 2001	0	Win2000/XP L&F: Resizing JFileChooser: Does not have a minimum limit	evaluated
4871932	4	4	shannonh	Fri May 30 00:26:00 PDT 2003	0	MouseMotionListener on JTable disappears when Look And Feel (LAF) changes	dispatched
4141524	4	2	sky	Fri May 22 18:44:00 PDT 1998	2	UndoManager doesn't help you keep your GUI up to date	evaluated
4871936	4	4	sky	Fri May 30 00:30:00 PDT 2003	0	RFE: provide a JFontChooser	accepted
4782243	4	4	leif	Wed Nov 20 17:33:00 PST 2002	0	setVisible on JToolBar does not hide the floating window	evaluated
4336757	5	5	joutwate	Tue May 09 13:32:00 PDT 2000	0	Regression 1.2.2 to 1.3: was setPreviousBounds() is now setNormalBounds()	evaluated
4181978	4	4	sharonz	Fri Oct 16 03:59:00 PDT 1998	0	There is no spec for DebugGraphics draw methods	accepted
4838730	3	3	idk	Thu Mar 27 11:03:00 PST 2003	1	REGRESSION: In JTextArea setEditable(...) breaks focus traversal keys	evaluated
4777616	3	4	joutwate	Tue Nov 12 00:50:00 PST 2002	0	setDefaultLookAndFeelDecorated(true) and Java Web Start don't mix well	committed
4765362	5	5	shannonh	Fri Oct 18 00:54:00 PDT 2002	0	SetFont() in DefaultTableCellRenderer doesn't work	accepted
4851010	4	4	idk	Fri Apr 18 16:37:00 PDT 2003	0	RFE: In ComponentView.java, please change setComponentParent to public final	accepted
4811015	5	5	davidson@eng	Thu Jan 30 19:42:00 PST 2003	0	Reopen 4528403: JList checks ListModel equality incorrectly	accepted
4252173	4	4	davidson@eng	Wed Jul 07 11:22:00 PDT 1999	0	Inability to reuse the HorizontalSliderThumbIcon	evaluated
4292346	4	5	joutwate	Wed Nov 17 11:52:00 PST 1999	5	loading animated gifs throws mediaTracker.ABORTED error	evaluated
4331767	4	5	sky	Wed Apr 19 14:12:00 PDT 2000	1	Can't make swing use your own UIDefaults class to override getUIError	evaluated
4203039	3	5	leif	Thu Jan 14 06:19:00 PST 1999	2	JToolBar needs API to limit docking to a particular orientation	committed
4870668	5	5	joutwate	Wed May 28 11:44:00 PDT 2003	0	RFE: Refactor MetalRootPaneUI to be more flexible	accepted
4501171	4	5	leif	Sun Sep 09 23:33:00 PDT 2001	0	setHolizontalAlignment() in Windows L&F JFileChooser doesn't work.	accepted
4403207	4	4	leif	Tue Jan 09 14:40:00 PST 2001	0	setFont does not work for JFileChooser	accepted
4782077	4	5	naa@sparc.spb.su	Wed Nov 20 14:37:00 PST 2002	1	CTRL-H menu item accelerator also causes text removal with text components	committed
4466930	4	3	null	Wed Jun 06 15:26:00 PDT 2001	0	JTable.selectAll boundary handling	accepted
4850092	3	3	leif	Thu Apr 17 10:24:00 PDT 2003	0	REGRESSION: call to updateUI() on a JButton changes the size of the button	committed
4647551	3	3	joutwate	Tue Mar 05 14:26:00 PST 2002	7	REGRESSION: KeyListener for JFrame doesn't work after click in JInternalFrame	committed
4614926	4	5	null	Mon Dec 17 16:46:00 PST 2001	7	Native rendering into Swing components	committed
4282679	4	3	idk	Tue Oct 19 15:22:00 PDT 1999	0	JEditorPane: Using different style tags is producing weird results	evaluated
4763807	4	3	zav@sparc.spb.su	Wed Oct 16 09:25:00 PDT 2002	1	JComboBox does not fire any mouse events with Metal L&F	accepted
4716484	4	4	aim	Wed Jul 17 17:31:00 PDT 2002	1	Swing classes don't use getBorderInsets(Component,Insets) to save on object inst	committed
4346610	4	5	leif	Mon Jun 19 16:42:00 PDT 2000	3	Adding JSeparator to JToolBar "pushes" buttons added after separator to edge	evaluated
4480696	5	5	leif	Tue Jul 17 10:57:00 PDT 2001	2	Comments On The Swing GUI MS Windows	accepted
4753342	4	4	sky	Wed Sep 25 15:40:00 PDT 2002	0	JFrame, JWindow and JDialog should redirect add/remove methods to ContentPane	accepted
4822127	4	3	leif	Fri Feb 21 00:18:00 PST 2003	0	misc swing problems with WinXP L&F	evaluated
4800753	3	4	leif	Thu Jan 09 03:38:00 PST 2003	0	Missing generic way to change ToolTipManagers and also the shared instance.	accepted
4801190	4	5	kve@sparc.spb.su	Thu Jan 09 16:05:00 PST 2003	2	JFileChooser does not show registered extensions under Windows with Metal	evaluated
4337815	4	2	idk	Fri May 12 11:06:00 PDT 2000	0	Make the constructor of javax.swing.text.html.StyleSheet.ListPainter public	evaluated
4469678	5	4	leif	Wed Jun 13 17:25:00 PDT 2001	0	JFileChooser's new default layout breaks application that works in JDK1.3	accepted
4705104	3	4	idk	Thu Jun 20 02:03:00 PDT 2002	3	Notepad hangs up when open uigur text in gb18030 locale.	committed
4525475	4	3	leif	Fri Nov 09 00:45:00 PST 2001	1	Cannot prevent file-system modification in JFileChooser	evaluated
4795413	3	2	joutwate	Tue Dec 17 20:07:00 PST 2002	0	GTK+ L&F not fully reflecting GNOME High contrast large print theme	committed
4623275	5	5	moa@sparc.spb.su	Mon Jan 14 11:44:00 PST 2002	3	RFE: JTabbedPane: Provide option to display tab names vertically	accepted
4819544	4	5	joutwate	Mon Feb 17 10:32:00 PST 2003	0	SwingSet2 JTable Demo throws NullPointerException	evaluated
4592978	4	4	dalem	Tue Dec 11 13:03:00 PST 2001	0	The ScrollBar Up Button can't bring you completely up if JList has a border	accepted
4618607	5	5	zpm@sparc.spb.su	Wed Jan 02 11:16:00 PST 2002	7	RFE: Popups for narrow JComboBox are too narrow	accepted
4847161	3	3	zav@sparc.spb.su	Fri Apr 11 10:30:00 PDT 2003	0	REGRESSION: RegTest-cte CTE_REGTEST/Generic/4683300/Test4683300.java failed	committed
4199622	4	5	zav@sparc.spb.su	Wed Dec 23 11:54:00 PST 1998	26	RFE: JComboBox shouldn't sending ActionEvents for keyboard navigation	committed
4515765	4	4	leif	Wed Oct 17 11:04:00 PDT 2001	0	Win L&F: Disabled menu items should show highlight	committed
4710678	4	5	sky	Wed Jul 03 03:15:00 PDT 2002	0	SwingApplet demo does not print properly	accepted
4858524	4	3	aep@sparc.spb.su	Mon May 05 13:02:00 PDT 2003	1	JSpinner does not respect editor (JFormattedTextField) margin	evaluated
4528786	4	3	idk	Sat Nov 17 16:19:00 PST 2001	0	Can't write "^" in Swing GUI Components with Swedish keyboard	accepted
4830695	4	3	shannonh	Tue Mar 11 14:49:00 PST 2003	0	Require ability to add data import ability on top of existing TransferHandler	accepted
4485588	4	3	joutwate	Fri Jul 27 17:31:00 PDT 2001	2	default button characteristics are lost for multiple internal frames	evaluated
4778542	4	4	shannonh	Wed Nov 13 17:48:00 PST 2002	0	property "terminateEditOnFocusLost" results in distorted cell when editing table	committed
4744971	4	4	leif	Tue Sep 10 15:25:00 PDT 2002	1	ToolTips not changing when JTable cells have same Tooltip Text	evaluated
4486794	4	4	idk	Wed Aug 01 05:48:00 PDT 2001	5	"ctrl+shft+o" causes textcomponent crash after Inserting numbers and spaces	evaluated
4265389	4	4	kyuka	Tue Aug 24 16:28:00 PDT 1999	0	JSplitPane does not support ComponentOrientation	committed
4138768	4	5	zav@sparc.spb.su	Thu May 14 17:41:00 PDT 1998	0	JMenuItem: Setting Mnemonic to VK_HELP displays as "help"	evaluated
4503816	4	3	joutwate	Mon Sep 17 16:40:00 PDT 2001	4	setNextFocusableComponent no longer backward compatible	accepted
4623505	4	3	dalem	Mon Jan 14 16:44:00 PST 2002	3	ArrayIndexOutOfBoundsException due to bad update in DefaultListSelectionModel	accepted
4189256	4	5	joutwate	Wed Nov 11 16:02:00 PST 1998	1	JDesktopPane disregards opacity setting	evaluated
4795987	4	5	shannonh	Wed Dec 18 16:58:00 PST 2002	1	DefaultTableCellRenderer does not honor 'isEnabled'	accepted
4850450	4	5	sky	Thu Apr 17 18:26:00 PDT 2003	0	Inconsistent JFormattedTextField selection behavior at FocusGained	accepted
4501167	4	3	leif	Sun Sep 09 21:58:00 PDT 2001	0	Arabic date string displayed in a wrong format in JFileChooser	accepted
4848868	4	5	idk	Tue Apr 15 15:19:00 PDT 2003	0	BoxLayout expands components with HTML and it shouldn't	evaluated
4203556	4	5	sky	Fri Jan 15 00:08:00 PST 1999	7	registerKeyboardAction does not always mean getting the event	evaluated
4803767	4	4	joutwate	Wed Jan 15 14:40:00 PST 2003	2	RFE : Ability to set OUTLINE DRAGGING in JFrame	committed
4151536	4	3	leif	Tue Jun 23 10:47:00 PDT 1998	6	JFileChooser should allow traversable but unacceptable directories	accepted
4486499	5	5	naa@sparc.spb.su	Tue Jul 31 14:10:00 PDT 2001	4	javax.swing.text.html.HTMLWriter is badly written and needs rewriting	evaluated
4773496	4	3	leif	Mon Nov 04 15:16:00 PST 2002	0	XP L&F: not enough padding in JComboBox	committed
4337267	4	3	naoto	Wed May 10 18:59:00 PDT 2000	1	Arabic Numeral Shaping	evaluated
4256525	4	3	joutwate	Thu Jul 22 18:52:00 PDT 1999	1	JInternalFrame Activation should be cheaper	committed
4140808	4	5	idk	Thu May 21 10:57:00 PDT 1998	4	AbstractDocument must not assume that its Content object is empty	evaluated
4418620	4	5	leif	Fri Feb 23 14:58:00 PST 2001	1	Shared JToolTip loses border	evaluated
4865915	3	3	aep@sparc.spb.su	Mon May 19 01:57:00 PDT 2003	0	JCK1.4a-runtime api/javax_swing/interactive/JScrollBarTests.html#JScrollBar	evaluated
4801274	4	5	shannonh	Thu Jan 09 18:16:00 PST 2003	0	Tab key selects a non-existent row in an empty JTable	accepted
4421314	4	5	shannonh	Fri Mar 02 15:59:00 PST 2001	0	JOptionPane.showInputDialog gets wrong choice with dup. text	evaluated
4292342	4	3	joutwate	Wed Nov 17 11:49:00 PST 1999	7	Clicking in an inactive JInternalFrame can cause a begin-drag (96845)	evaluated
4783442	4	4	sky	Fri Nov 22 11:57:00 PST 2002	1	JPopupMenu drawn underneath JInternalFrame contents in fullscreen mode	evaluated
4440338	4	5	leif	Wed Apr 11 16:48:00 PDT 2001	2	Redundant file loading threads using JFileChooser; deadlock	accepted
4730390	4	5	leif	Mon Aug 12 17:15:00 PDT 2002	0	Get system level information about non-existing file names/extensions.	accepted
4820794	4	5	shannonh	Wed Feb 19 14:35:00 PST 2003	0	Pressing Caps Lock key starts cell editor in JTable	accepted
4760425	3	3	sky	Wed Oct 09 09:59:00 PDT 2002	9	Erroneous Behaviors When Accessing System Clipboard in Swing Applets	evaluated
4767393	4	3	zav@sparc.spb.su	Wed Oct 23 10:54:00 PDT 2002	0	Disabled JMenu is selectable via mnemonic	committed
4366725	4	5	leif	Tue Aug 29 00:06:00 PDT 2000	1	JFileChooser.setOpaque(false) does not work fully	accepted
4857299	5	5	aep@sparc.spb.su	Thu May 01 16:11:00 PDT 2003	0	RFE: in JTree, expandPath should respect scrollsOnExpand	accepted
4849941	4	2	rm108251	Thu Apr 17 03:08:00 PDT 2003	0	Right border missing in JTable	dispatched
4313120	4	5	sky	Wed Feb 16 11:54:00 PST 2000	5	ColorUIResource:  add Alpha channel support (plus another request)	evaluated
4238847	4	3	sky	Mon May 17 13:38:00 PDT 1999	0	Visibility in Extending UndoManager	evaluated
4812585	3	3	zav@sparc.spb.su	Tue Feb 04 09:47:00 PST 2003	0	BasicComboBoxUI.FocusHandler doesn't hide popup menu when focus is lost	committed
4745771	4	3	shannonh	Wed Sep 11 15:32:00 PDT 2002	9	JVM hangs after using ownerless JDialog	evaluated
4851443	3	3	shannonh	Mon Apr 21 00:28:00 PDT 2003	0	1.4.0 Regression: Animated GIFS stop animating on JButtons and JLabels	committed
4847998	4	4	sky	Mon Apr 14 11:45:00 PDT 2003	0	RFE: Please include TableLayout	accepted
4765288	4	3	zpm@sparc.spb.su	Fri Oct 18 00:02:00 PDT 2002	0	HTMLDocument inserts HTML with <BR> tag incorrectly	accepted
4520587	4	3	sky	Mon Oct 29 00:15:00 PST 2001	13	RFE: Need a JSpinner.reformat() method as a JSpinner.commitEdit()'s complement	evaluated
4834918	2	3	joutwate	Wed Mar 19 18:13:00 PST 2003	22	Win L&F: JInternalFrame should merge with JMenuBar when maximized	committed
4783248	3	2	leif	Fri Nov 22 05:54:00 PST 2002	0	Win XP L&F : Slider leaves trail when dragged	evaluated
4626632	5	5	davidson@eng	Tue Jan 22 11:33:00 PST 2002	1	Various containers for Action throw NPE when PropChgEvent has null newValue	accepted
4793790	4	4	shannonh	Fri Dec 13 15:37:00 PST 2002	0	checkbox table cell editor doesn't work properly	evaluated
4765256	4	4	joutwate	Fri Oct 18 11:36:00 PDT 2002	5	REGRESSION: Icons in JDesktopPane not repositioned when pane is resized	accepted
4486577	5	4	idk	Tue Jul 31 16:01:00 PDT 2001	0	Wasteful use of getBounds() in interface Shape	evaluated
4209604	4	5	joutwate	Mon Feb 08 08:04:00 PST 1999	0	ProgressMonitorInputStream updates ProgressMonitor outside event thread	evaluated
4665225	4	4	aep@sparc.spb.su	Tue Apr 09 14:10:00 PDT 2002	0	swing isn't coalescing some mouse drag events on scrollbars.	evaluated
4487510	5	5	shannonh	Thu Aug 02 00:34:00 PDT 2001	1	RFE: Need ability to set the disabledBackground for a JTextField or JTextArea	evaluated
4137343	4	3	leif	Tue May 12 00:33:00 PDT 1998	2	Toolbar and menubar layout managers don't wrap	evaluated
4825653	4	5	idk	Fri Feb 28 11:46:00 PST 2003	0	JEditorPane getStream and setPage interdependency problem	evaluated
4855171	4	3	sky	Mon Apr 28 16:11:00 PDT 2003	1	Cannot set a document to JFormattedTextField got from JSpinner's editor	accepted
4678300	4	4	joutwate	Wed May 01 17:56:00 PDT 2002	21	SwingSet2 and other demos should use setJMenuBar()	committed
4185305	4	5	joutwate	Wed Oct 28 17:57:00 PST 1998	1	JProgressBar Metal PLAF overwrites empty borders	evaluated
4465504	5	3	idk	Sun Jun 03 13:48:00 PDT 2001	2	Add getEditorKit() to JTextComponent	evaluated
4749645	3	3	leif	Wed Sep 18 14:17:00 PDT 2002	2	WindowsLAF: Tooltip on bottommost menu item hides this menu item	evaluated
4628641	4	5	idk	Fri Jan 25 10:52:00 PST 2002	0	Make Segment implement CharSequence	accepted
4765292	3	4	joutwate	Fri Oct 18 00:05:00 PDT 2002	0	REGRESSION: WindowsLookAndFeel causes need for JInternalFrame revalidation	evaluated
4148068	4	5	idk	Thu Jun 11 17:35:00 PDT 1998	2	can't get all Properties from swing.text.Document	evaluated
4232728	4	4	zav@sparc.spb.su	Sun Apr 25 20:27:00 PDT 1999	1	No method to manipulate Scroll Button or ComboBox Button	evaluated
4508646	4	4	leif	Fri Sep 28 00:17:00 PDT 2001	10	Tooltip generated by JToolBar.add(Action) wrong	accepted
4869855	2	3	zav@sparc.spb.su	Tue May 27 08:54:00 PDT 2003	0	method MenuSelectionManager.setSelectedPath() throws NPE	evaluated
4164323	4	4	davidson@eng	Thu Aug 06 18:45:00 PDT 1998	3	AppletBeanInfo not defined, bound properties reported incorrectly	evaluated
4622251	5	5	sky	Thu Jan 10 19:45:00 PST 2002	5	RFE: JSpinner wrapping from minimum to maximum or maximum to minimum.	accepted
4523840	4	3	joutwate	Tue Nov 06 15:56:00 PST 2001	1	inactive internal frames and propogation of mouse events	accepted
4716471	4	3	idk	Wed Jul 17 17:13:00 PDT 2002	0	extendible EditorKits	accepted
4469726	4	5	davidson@eng	Wed Jun 13 18:50:00 PDT 2001	0	identification and use of non-client fonts in win32 desktop properties	accepted
4835479	5	4	bchristi	Thu Mar 20 14:47:00 PST 2003	0	JFileChooser/WindowsL&F: show hidden files if set in native Folder Options	accepted
4494156	5	5	sdv@sparc.spb.su	Mon Aug 20 18:30:00 PDT 2001	2	JEditorPane hyperlinks activate only when mouse is motionless	accepted
4865103	4	5	aep@sparc.spb.su	Thu May 15 18:22:00 PDT 2003	0	JScrollPane in GridBagLayout resizes incorrectly	evaluated
4614558	5	3	sky	Mon Dec 17 10:15:00 PST 2001	1	JTree setting Focus on JTextPane seems impossible	accepted
4368790	4	5	shannonh	Wed Sep 06 13:50:00 PDT 2000	13	JButton stays pressed when focus stolen	evaluated
4793741	4	4	leif	Fri Dec 13 14:45:00 PST 2002	0	setDefaultLookAndFeelDecorated Hint is ignored for JToolbar	evaluated
4669384	5	3	joutwate	Tue Apr 16 14:42:00 PDT 2002	0	Problems with keyboard navigation in SwingSet2 List Demo	evaluated
4765296	4	5	shannonh	Fri Oct 18 00:08:00 PDT 2002	0	No focus rectangle on checkbox with html-formatted text	accepted
4849062	4	5	sky	Tue Apr 15 20:10:00 PDT 2003	1	JTable and JList have incompatible definitions of cellFocus for renderers.	accepted
4487456	4	4	zav@sparc.spb.su	Thu Aug 02 11:08:00 PDT 2001	0	JComboBox generates mouseRelease events for certain LAF only	committed
4482128	4	4	joutwate	Thu Jul 19 17:52:00 PDT 2001	1	REGRESSION: Editable JComboBox as a TableCellEditor doesn't render the selection	evaluated
4871520	3	3	sky	Thu May 29 17:08:00 PDT 2003	0	PopupFactory.setSharedInstance refers to undefined "AppContext"	committed
4676790	4	3	zav@sparc.spb.su	Mon Apr 29 17:23:00 PDT 2002	1	The Short-cut keys for the Menus has focus level Issues.	accepted
4825409	3	4	leif	Thu Feb 27 21:10:00 PST 2003	0	XP L&F: JFileChooser navigation button sizing problem	committed
4462415	4	3	joutwate	Wed May 23 14:50:00 PDT 2001	0	Splash screen replace SwingSet demo panel in SwingSet2 due to race condition	evaluated
4792192	5	5	joutwate	Wed Dec 11 00:11:00 PST 2002	0	RFE: Need an event-free programmatic means of changing a JComboBox selection	evaluated
4161616	4	5	leif	Wed Jul 29 11:58:00 PDT 1998	21	Make tool bars more like MS toolbars	evaluated
4652910	4	5	shannonh	Thu Mar 14 00:35:00 PST 2002	0	JPI Exception dialog - OK accelerator key missing (PIT02:[03/11/02] )	evaluated
4422795	4	5	leif	Wed Mar 07 00:04:00 PST 2001	0	MetalBorders.TableHeaderBorder: not a UIResource, wrong Insets	evaluated
4303294	4	5	shannonh	Fri Jan 07 13:23:00 PST 2000	6	Implement discontinuous selection from the keyboard for list-like components	committed
4480327	4	4	leif	Mon Jul 16 14:59:00 PDT 2001	44	1.4's JFileChooser extremely slow for remote folders	accepted
4222732	4	3	null	Mon Mar 22 15:18:00 PST 1999	1	JTable setBorder overwrites data in first row (ie bad inset layout)	accepted
4817131	4	5	kyuka	Tue Feb 11 19:59:00 PST 2003	0	JScrollPane.setComponentOrientation() doesn't change corner components.	committed
4835483	5	5	bchristi	Thu Mar 20 14:51:00 PST 2003	0	JFileChooser/WindowsL&F:Details view column headings should be left-justified	accepted
4688783	4	3	zav@sparc.spb.su	Tue May 21 11:54:00 PDT 2002	0	JPopupMenu hardcoded i JMenu	evaluated
4349334	4	5	null	Wed Jun 28 18:11:00 PDT 2000	1	Column headers are cut off in JTable for Windows L&F	accepted
4508191	4	3	joutwate	Thu Sep 27 15:25:00 PDT 2001	3	JOptionPane.showInternalOptionDialog blocks after its enclosing JFrame is closed	accepted
4777579	3	3	zpm@sparc.spb.su	Tue Nov 12 11:56:00 PST 2002	0	1.4 REGRESSION: Redo with HTMLEditorKit causes NullPointerException	committed
4104906	4	5	joutwate	Mon Jan 19 00:20:00 PST 1998	20	JOptionPane should wordwrap message text	evaluated
4792249	4	4	sky	Wed Dec 11 13:21:00 PST 2002	0	MaskFormatter bugs with valueToString() and stringToValue()	evaluated
4836762	4	4	sharonz	Mon Mar 24 14:14:00 PST 2003	0	Documentation typo in javax.swing.text.Document	committed
4667991	4	5	dalem	Sun Apr 14 04:26:00 PDT 2002	1	built-in support for sorting table	accepted
4855750	5	5	bchristi	Tue Apr 29 13:36:00 PDT 2003	0	JFileChooser doesn't allow to remove disabled Help Button	evaluated
4762915	4	4	zav@sparc.spb.su	Mon Oct 14 18:06:00 PDT 2002	2	JComboBox:prototypeDisplayValue not passed to internal lists PrototypeCellValue	evaluated
4214395	4	5	joutwate	Wed Feb 24 08:01:00 PST 1999	5	JOptionPane's createInternalFrame() method doesn't allow JInternalFrame subclass	evaluated
4525465	4	4	joutwate	Fri Nov 09 00:34:00 PST 2001	0	SwingSet2/BezierAnimationCurve demo needs to be updated	accepted
4777756	4	3	shannonh	Tue Nov 12 16:19:00 PST 2002	1	JTable doesn't remove active CellEditor when TableModel changes	evaluated
4640081	4	3	zav@sparc.spb.su	Tue Feb 19 18:48:00 PST 2002	4	JPopupMenu.show() does not display JPopup if previously hidden	accepted
4466892	4	3	joutwate	Wed Jun 06 14:32:00 PDT 2001	1	Enhance SwingSet2 demo to use flat-button JToolBar under Win L&F	evaluated
4801152	4	4	joutwate	Thu Jan 09 15:20:00 PST 2003	3	Various Focus problems with JInternalFrame	committed
4625388	4	4	naa@sparc.spb.su	Thu Jan 17 15:32:00 PST 2002	2	JEditorPane read method does not work with Changed Char set and doc w/o url	accepted
4723012	3	4	shannonh	Tue Jul 30 14:36:00 PDT 2002	0	1.4.0 REGRESSION: JTable column header is not properly centered.	committed
4714318	3	3	kve@sparc.spb.su	Fri Jul 12 14:46:00 PDT 2002	0	1.4.0 REGRESSION: Multi Selection JFileChooser throws ArrayIndexOutOfBoundsExcep	committed
4522861	4	2	zpm@sparc.spb.su	Mon Nov 05 08:11:00 PST 2001	4	JEditor HTMLEditorKit spacing regression to 1.3.x	evaluated
4865494	4	4	leif	Fri May 16 00:22:00 PDT 2003	0	Win L&F: JFileChooser: View As Options not  consistent with XP	committed
4324692	4	4	naoto	Fri Mar 24 05:12:00 PST 2000	2	Cursor loops infinitely in multiline JTextPane	evaluated
4129691	4	5	shannonh	Thu Apr 16 13:48:00 PDT 1998	0	Motif,JButton:If paintBorder is false focus not painting though paintfocus true	evaluated
4501652	4	5	leif	Tue Sep 11 00:07:00 PDT 2001	1	Attributes of columns should not depend on the position. (JFileChooser)	accepted
4849177	4	4	joutwate	Wed Apr 16 03:47:00 PDT 2003	0	NPE thrown in Table Demo of SwingSet2	accepted
4155103	4	2	sky	Tue Jul 07 11:32:00 PDT 1998	8	JFrame, JDialog, JWindow, and JApplet don't use RepaintManager	evaluated
4103946	4	4	joutwate	Wed Jan 14 13:20:00 PST 1998	0	Motif scrollbars keyboard navigation not working properly	evaluated
4273817	4	5	shannonh	Mon Sep 20 19:01:00 PDT 1999	0	Add a forcedPaintFocus property to JCheckBox	evaluated
4789550	5	5	shannonh	Thu Dec 05 17:57:00 PST 2002	1	RFE: Need showMessageDialog with only one parameter in javax.swing.JOptionPane	committed
4776403	4	3	zav@sparc.spb.su	Fri Nov 08 15:00:00 PST 2002	0	setRolloverEnabled(true) not working for JMenuItem	committed
4745084	4	5	sky	Tue Sep 10 17:17:00 PDT 2002	1	Make it easier to have custom icons for tree cell renderers and editors	accepted
4482545	4	4	joutwate	Fri Jul 20 14:36:00 PDT 2001	1	JInternalFrame.isPalette should be supported in Window LAF	evaluated
4318634	4	4	sky	Fri Mar 03 10:49:00 PST 2000	1	Request improved dirty region tracking in javax.swing.RepaintManager	evaluated
4691083	4	4	joutwate	Thu May 23 22:08:00 PDT 2002	1	RFE: Add a constructor to ProgressMonitor to specify a JProgressBar	evaluated
4615021	4	5	mca	Mon Dec 17 18:32:00 PST 2001	0	Improve Swing icons	committed
4533820	4	3	joutwate	Fri Nov 30 16:11:00 PST 2001	76	Extend InputVerifiers to keep events from firing on target components.	evaluated
4417601	5	5	zpm@sparc.spb.su	Wed Feb 21 14:44:00 PST 2001	0	JMenus with no items paint a tiny menu.	evaluated
4783623	4	4	joutwate	Fri Nov 22 15:04:00 PST 2002	0	non-active JInternalFrame won't call COMPONENT_RESIZED when maximized	accepted
4368107	4	4	kyuka	Sun Sep 03 07:49:00 PDT 2000	0	JTable cell text is parttialy or totally hidden when cells are double clicked	accepted
4497885	4	4	leif	Wed Aug 29 15:25:00 PDT 2001	3	Etched- and TitledBorder in Swing with Windows L&F don't use system colors.	accepted
4832239	4	4	shannonh	Thu Mar 13 14:41:00 PST 2003	3	RFE: JOptionPane using initialValue when options is null	accepted
4765307	4	5	shannonh	Fri Oct 18 00:13:00 PDT 2002	0	REGRESSION: Accelerator vs. TransferHandler	committed
4471450	4	5	idk	Mon Jun 18 18:34:00 PDT 2001	5	Add support for floating boxes to swing text framework	evaluated
4130812	4	5	shannonh	Mon Apr 20 15:34:00 PDT 1998	0	Motif JToggleButton: painting focus is not handled well	evaluated
4798542	4	4	shannonh	Thu Jan 02 17:35:00 PST 2003	1	Mnemonics not working when ALT key is released before character key	evaluated
4830281	3	3	joutwate	Mon Mar 10 20:48:00 PST 2003	0	DPI setting not supported in GTK L&F	committed
4465512	4	5	zav@sparc.spb.su	Sun Jun 03 15:44:00 PDT 2001	2	New 1.4 focus rework for popup menus isn't ignoring menu accelerators	accepted
4675781	4	4	sky	Fri Apr 26 15:12:00 PDT 2002	1	javax.swing.Timer does not safely handle negative delays	accepted
4801162	4	4	idk	Thu Jan 09 15:29:00 PST 2003	1	RFE: Make javax.swing.JTextPane.replaceSelection at least protected	committed
4794439	4	4	idk	Mon Dec 16 14:37:00 PST 2002	0	ListCellRenderer in JList rendering HTML text calculates it own size wrong	evaluated
4262543	4	3	sky	Sat Aug 14 14:53:00 PDT 1999	2	DebugGraphics extends Graphics, not Graphics2D	evaluated
4858534	4	4	joutwate	Mon May 05 13:21:00 PDT 2003	0	JSlider does not resize after JInternalFrame it's in is maximized, iconified	evaluated
4684300	4	4	leif	Mon May 13 16:57:00 PDT 2002	0	Swing tooltips don't dissapear when the mouse moves over them	accepted
4274423	4	5	shannonh	Wed Sep 22 11:30:00 PDT 1999	0	JOptionPane.getMaxCharactersPerLineCount needs a setMaxCharactersPerLineCount	evaluated
4632500	5	4	leif	Sat Feb 02 19:32:00 PST 2002	2	Application icon (teacup) appears on jfilechooser in java windows l&f	accepted
4793728	5	5	shannonh	Fri Dec 13 14:24:00 PST 2002	1	RFE: JRadioButton( JComponent component) would be nice	accepted
4371409	4	5	leif	Fri Sep 15 06:22:00 PDT 2000	0	TEST_BUG: the test JColorChooser/JCC_setSelectionModel is invalid	accepted
4346941	4	5	shannonh	Tue Jun 20 15:55:00 PDT 2000	7	JRadioButton objects lose ther opaque settings after updateComponentTree()	evaluated
4424085	4	5	sky	Fri Mar 09 16:21:00 PST 2001	0	Several Swing problems	accepted
4765382	5	5	leif	Fri Oct 18 13:13:00 PDT 2002	0	JFileChooser - focus problem	accepted
4765323	5	5	shannonh	Fri Oct 18 00:26:00 PDT 2002	3	JTable.setAutoResizeMode(AUTO_RESIZE_ALL_COLUMNS) doesn't resize proportionally	accepted
4826493	5	5	leif	Mon Mar 03 13:40:00 PST 2003	0	Remove/Disable Files of Type List Item in the Directory only JFileChooser	evaluated
4165217	4	4	kve@sparc.spb.su	Mon Aug 10 15:39:00 PDT 1998	1	JColorChooser is not serialized	evaluated
4802583	4	5	moa@sparc.spb.su	Mon Jan 13 16:37:00 PST 2003	0	JTabbedPane paints components from unselected tabs	committed
4767065	4	4	joutwate	Tue Oct 22 18:50:00 PDT 2002	0	Strange Focus behavior of JInternalFrames on JDesktopPane	evaluated
4735107	4	3	shannonh	Wed Aug 21 18:32:00 PDT 2002	3	Architecture of JTable and TableModel	evaluated
4765310	5	5	sky	Fri Oct 18 00:16:00 PDT 2002	1	javax.swing.JSpinner$DateEditor(JSpinner, DateFormat) should be public.d	accepted
4524271	4	3	naoto	Wed Nov 07 00:14:00 PST 2001	0	RFE: Thai WTT 2.0 editing support in JTextComponent	accepted
4641856	3	3	zpm@sparc.spb.su	Fri Feb 22 11:36:00 PST 2002	0	Swing popup menus get clipped when a browser is sized smaller than the applet	evaluated
4645049	5	5	joutwate	Thu Feb 28 14:23:00 PST 2002	0	minor iconify/restore/close buttons windows L&F inconsistent	accepted
4527482	4	4	sky	Wed Nov 14 18:56:00 PST 2001	5	JTextField and JLabel do not display correct font under Windows L&F in 1.4beta3	accepted
4833645	5	5	kve@sparc.spb.su	Mon Mar 17 15:01:00 PST 2003	0	BoxLayout does not respect components preferred widths	evaluated
4684067	4	3	naa@sparc.spb.su	Mon May 13 13:31:00 PDT 2002	2	HTMLEditor Kit, Can't delete list items	accepted
4263171	4	5	leif	Tue Aug 17 15:29:00 PDT 1999	0	JToolBar doesn't draw properly when dragged	evaluated
4765319	4	3	zav@sparc.spb.su	Fri Oct 18 00:23:00 PDT 2002	0	1.4 REGRESSION: Alt-Up/Down doens't open combo in WinLAF	accepted
4244395	4	4	zpm@sparc.spb.su	Mon Jun 07 11:19:00 PDT 1999	0	Drawing bugs when using emptyBorder with button classes	accepted
4486151	4	2	sky	Mon Jul 30 17:36:00 PDT 2001	1	SpringLayout does not support ComponentOrientation	incomplete
4727901	4	3	sky	Wed Aug 07 14:35:00 PDT 2002	0	Add a SortedListModel class	evaluated
4854950	4	4	joutwate	Mon Apr 28 11:35:00 PDT 2003	0	JFrame's decorated root pane doesn't like MouseListeners	accepted
4624567	4	4	dalem	Wed Jan 16 11:41:00 PST 2002	0	REGRESSION: JTable in JInternalFrame won't initially drag scroll	evaluated
4109871	4	4	shannonh	Thu Feb 05 13:56:00 PST 1998	20	JComboBox is not fully accessible in JTable.	committed
4296022	4	5	idk	Wed Dec 01 16:23:00 PST 1999	69	Displaying XML within a JEditorPane	evaluated
4721224	4	5	aep@sparc.spb.su	Fri Jul 26 03:03:00 PDT 2002	2	JApplet shouldn't be a focus cycle root	evaluated
4295363	4	4	kyuka	Tue Nov 30 06:11:00 PST 1999	4	Component Orientation for JTable Cells does not work	accepted
4202392	4	5	leif	Tue Jan 12 08:55:00 PST 1999	3	add propertyChangeListener support to TitledBorder	evaluated
4533778	4	4	shannonh	Fri Nov 30 15:25:00 PST 2001	3	isSelectionEmpty() returns false in empty JTable 1.3.1, 1.4beta3	committed
4665233	4	4	sky	Tue Apr 09 14:18:00 PDT 2002	2	swing RepaintManager is not optimal for some JTable update scenarios	accepted
4825408	3	4	leif	Thu Feb 27 21:05:00 PST 2003	0	XP L&F: JFileChooser resizing problems	committed
4765299	5	5	sky	Fri Oct 18 00:10:00 PDT 2002	0	componentResized() not always called with nested JSplitPanes	accepted
4471760	4	2	sky	Tue Jun 19 13:10:00 PDT 2001	0	JLabel has shaggy text when disabled	accepted
4459137	4	4	leif	Tue May 15 18:05:00 PDT 2001	0	Displaying position is wrong for BorderFactorytest	evaluated
4860345	4	3	leif	Thu May 08 06:00:00 PDT 2003	0	JTree folder icon in WinXP LAF is not similar to WinXP	committed
4765241	3	3	joutwate	Fri Oct 18 11:25:00 PDT 2002	0	1.4 REGRESSION: ContainerOrderFocusTraversal prevents InputVerifier.verify()	evaluated
4707457	4	4	zav@sparc.spb.su	Mon Jun 24 21:17:00 PDT 2002	10	focusGained and focusLost methods under FcousListener in 1.4 do not work as 1.3	accepted
4835327	4	3	joutwate	Thu Mar 20 00:09:00 PST 2003	0	componentShown only received for first doc in MDI	evaluated
4803478	4	3	leif	Wed Jan 15 06:45:00 PST 2003	0	Regression .../JComboBox/4465533/bug4465533.java fails on WinXP	committed
4430777	4	4	idk	Tue Mar 27 15:25:00 PST 2001	0	GlyphPainter2 requires AbstractDocument	evaluated
4226243	4	2	shannonh	Thu Apr 01 18:13:00 PST 1999	9	Can't navigate within a radio button group using arrow keys	evaluated
4778281	4	4	joutwate	Wed Nov 13 00:06:00 PST 2002	0	Alt-Tab while resizing JInternalFrame results in wrong cursor	committed
4861002	4	4	bchristi	Fri May 09 02:04:00 PDT 2003	0	JFileChosser does not have resize restrictions as in native XP	evaluated
4311805	4	5	leif	Thu Feb 10 20:57:00 PST 2000	0	Dragged out JToolBar ocupates unexpected position on screen	accepted
4804690	3	3	joutwate	Thu Jan 16 22:55:00 PST 2003	0	SwingSet2/JInternalFrame/GTK:the background of the generator has a problem	committed
4431395	4	4	idk	Wed Mar 28 17:20:00 PST 2001	2	JTextPane in JScrollPanel with large component not drawn properly	accepted
4825949	4	5	leif	Fri Feb 28 17:46:00 PST 2003	3	JToolTip in JApplet will place tooltip in wrong monitor	evaluated
4473401	5	5	sdv@sparc.spb.su	Fri Jun 22 10:34:00 PDT 2001	1	Forms should generate a hyperlink event, not directly post/get the data	evaluated
4520228	4	4	sky	Fri Oct 26 18:01:00 PDT 2001	27	Lightweight swing containers do not print their nested (child) components	accepted
4671612	5	5	dalem	Fri Apr 19 00:08:00 PDT 2002	6	JTable reporting invalid selected row count	accepted
4862834	2	3	monsanto	Mon May 12 22:19:00 PDT 2003	0	REGRESSION: api/javax_swing/JMenuBar/AccessibleJMenuBar/index.html#AccessibleSel	dispatched
4642061	5	5	sky	Fri Feb 22 16:11:00 PST 2002	29	JTreeTable	evaluated
4759312	3	3	joutwate	Mon Oct 07 17:52:00 PDT 2002	1	JInternalFrame Not Being Finalized After Closing	evaluated
4869885	4	5	idk	Tue May 27 09:47:00 PDT 2003	0	JEditorPane can't detect &lt in HTML if it is followed by a character	dispatched
4398733	4	3	joutwate	Fri Dec 15 16:06:00 PST 2000	11	MouseClicked event not delivered when switched between  2 Internal frames	evaluated
4706813	3	4	leif	Sun Jun 23 06:50:00 PDT 2002	0	jdk1.4.1-b14, JFileChooser fails to display contents of "My Computer" under XP	committed
4472830	4	5	shannonh	Thu Jun 21 11:30:00 PDT 2001	2	Drag sensitivity should be adjustable	accepted
4480335	4	3	shannonh	Mon Jul 16 15:10:00 PDT 2001	0	editable JComboBox changes newlines into spaces	accepted
4486496	4	4	idk	Tue Jul 31 14:08:00 PDT 2001	4	ParserDelegator().parse() gives tags out of order	accepted
4486741	4	5	naoto	Tue Jul 31 21:32:00 PDT 2001	0	Swing text components don't store the attributes of input method committed text	accepted
4859570	4	5	aep@sparc.spb.su	Wed May 07 04:14:00 PDT 2003	0	SwingUtilities.sharedOwnerFrame is never disposed	evaluated
4207472	4	3	naa@sparc.spb.su	Sun Jan 31 11:39:00 PST 1999	6	Space added after named anchors	evaluated
4479363	4	3	sky	Thu Jul 12 17:34:00 PDT 2001	14	Swing does not handle fractional font metrics correctly	accepted
4678049	5	4	leif	Wed May 01 13:14:00 PDT 2002	1	Selecting a new filter causes the filename field to blank out in JFileChooser	accepted
4787979	4	4	sky	Tue Dec 03 17:02:00 PST 2002	0	JComboBox getToolTipLocation does not work	evaluated
4853739	5	5	shannonh	Thu Apr 24 16:39:00 PDT 2003	0	In JOptionPane, selectInitialValue() is not called when first focusing dialog	accepted
4740419	3	3	moa@sparc.spb.su	Mon Sep 02 08:13:00 PDT 2002	1	Selecting unselected tab doesn't get the focus, under some condition.	committed
4301200	4	2	null	Wed Dec 22 04:16:00 PST 1999	0	Text widths are calculated incorrect	accepted
4733651	4	4	leif	Mon Aug 19 16:43:00 PDT 2002	1	File[] returned by FileSystemView.getRoots() should never be modifed on Win32	evaluated
4865503	5	5	leif	Fri May 16 00:26:00 PDT 2003	0	Win L&F: JFileChooser:  Save In label alignment not  consistent with XP	committed
4826627	5	5	joutwate	Mon Mar 03 16:30:00 PST 2003	0	swingset: canceling InputDialog should not produce response	accepted
4674040	3	3	sky	Wed Apr 24 15:20:00 PDT 2002	0	JComponent exposes internal Dimension data with setPreferredSize() and friends	committed
4711996	3	3	kve@sparc.spb.su	Tue Jul 09 04:16:00 PDT 2002	0	IllegalArgumentException when updating color chooser ui	committed
4760481	4	5	sky	Wed Oct 09 10:30:00 PDT 2002	2	DefaultTreeCellRenderer icons and colors aren't updated in updateUI()	accepted
4861969	4	5	aep@sparc.spb.su	Fri May 09 16:59:00 PDT 2003	1	JSplitPane within another disabled JSplitPane does not display cursor	accepted
4783068	5	5	idk	Thu Nov 21 19:14:00 PST 2002	4	Components with HTML text should gray out the text when disabled	accepted
4760102	4	4	leif	Tue Oct 08 18:00:00 PDT 2002	0	Request JFileChooser allow dislay of files but selection only of directories	accepted
4488581	4	2	zpm@sparc.spb.su	Mon Aug 06 11:50:00 PDT 2001	1	JPopupMenu.setVisible throws NullPointerException	evaluated
4621323	4	2	joutwate	Wed Jan 09 13:41:00 PST 2002	0	Some Swing "constants" aren't constant	committed
4195955	4	5	leif	Tue Dec 08 18:07:00 PST 1998	2	FileChooser needs to react to Exceptions thrown by alternate FileSystem(View)	accepted
4867005	3	3	joutwate	Tue May 20 16:01:00 PDT 2003	3	When removing a JPanel, child JButton gets a FOCUS_GAINED	dispatched
4449362	4	4	kyuka	Mon Apr 23 00:53:00 PDT 2001	0	Box doesn't support ComponentOrientation	committed
4837807	3	3	leif	Wed Mar 26 01:23:00 PST 2003	0	JCK1.4a api/javax_swing/interactive/JFileChooserTests.html#JFileChooser fails	evaluated
4279934	4	5	joutwate	Mon Oct 11 09:55:00 PDT 1999	0	Add alt. form of  InputVerifier.shouldYieldFocus() with "to" comp as 2nd param	evaluated
4354925	4	5	leif	Thu Jul 20 11:49:00 PDT 2000	0	JMenu/JMenuItem UI (JLF/Metal) does not comply with JLF specification	evaluated
4769773	4	4	joutwate	Mon Oct 28 11:04:00 PST 2002	1	JInternalFrame.setMaximum(true) before adding it to JDesktopPane causes NPE	evaluated
4108708	4	5	joutwate	Mon Feb 02 11:12:00 PST 1998	5	ImageIcon(...) is incredibly slow	evaluated
4871413	4	4	leif	Thu May 29 14:56:00 PDT 2003	0	ToolTipManager.setEnabled(...) doc. refers to unknown tooltip	dispatched
4311629	4	4	naoto	Thu Feb 10 00:59:00 PST 2000	1	Text components should allow for contextual component orientation	evaluated
4291881	4	5	joutwate	Tue Nov 16 10:23:00 PST 1999	2	Add JInternalDialog, and add public 'setModal' method to JIntrnlFrame	evaluated
4785269	4	5	leif	Tue Nov 26 16:40:00 PST 2002	1	JFileChooser filter problem when using wildcards	evaluated